wheelsSpeedSent;kickerStatusSent;chipperStatusSent;dribblerStatusSent;currentsSent;batteryVoltageSent;ballPresenceSent;robotID;isKicking;isChipping;isDribbling;isBallPresence;wheelSpeed1;wheelSpeed2;wheelSpeed4;wheelSpeed5;dribblerSpeed;rawSpeed1;rawSpeed2;rawSpeed4;rawSpeed5;currents1;currents2;currents3;currents4;currents5;isKickerDone;isKickerCharging;kickDoneSent;kickChgSent;time;
1;0;0;0;0;0;0;1;0;0;0;0;0.0000;0.0000;0.0000;0.0000;0.0000;0.0000;0.0000;0.0000;0.0000;0.0000;0.0000;0.0000;0.0000;0.0000;1;1;1;1;34.7;
1;0;0;0;0;0;0;1;0;0;0;0;0.0000;0.0000;0.0000;0.0000;0.0000;0.0000;0.0000;0.0000;0.0000;0.0000;0.0000;0.0000;0.0000;0.0000;1;1;1;1;34.72;
1;0;0;0;0;0;0;1;0;0;0;0;0.0000;0.0000;0.0000;0.0000;0.0000;0.0000;0.0000;0.0000;0.0000;0.0000;0.0000;0.0000;0.0000;0.0000;1;1;1;1;34.74;
1;0;0;0;0;0;0;1;0;0;0;0;0.0000;0.0000;0.0000;0.0000;0.0000;0.0000;0.0000;0.0000;0.0000;0.0000;0.0000;0.0000;0.0000;0.0000;1;1;1;1;34.78;
1;0;0;0;0;0;0;1;0;0;0;0;0.0000;0.0000;0.0000;0.0000;0.0000;0.0000;0.0000;0.0000;0.0000;0.0000;0.0000;0.0000;0.0000;0.0000;1;1;1;1;34.82;
1;0;0;0;0;0;0;1;0;0;0;0;0.0000;0.0000;0.0000;0.0000;0.0000;0.0000;0.0000;0.0000;0.0000;0.0000;0.0000;0.0000;0.0000;0.0000;1;1;1;1;34.86;
1;0;0;0;0;0;0;1;0;0;0;0;0.0000;0.0000;0.0000;0.0000;0.0000;0.0000;0.0000;0.0000;0.0000;0.0000;0.0000;0.0000;0.0000;0.0000;1;1;1;1;34.9;
1;0;0;0;0;0;0;1;0;0;0;0;0.0000;0.0000;0.0000;0.0000;0.0000;0.0000;0.0000;0.0000;0.0000;0.0000;0.0000;0.0000;0.0000;0.0000;1;1;1;1;35.0;
1;0;0;0;0;0;0;1;0;0;0;0;0.0000;0.0000;0.0000;0.0000;0.0000;0.0000;0.0000;0.0000;0.0000;0.0000;0.0000;0.0000;0.0000;0.0000;1;1;1;1;35.56;
1;0;0;0;0;0;0;1;0;0;0;0;0.0000;0.0000;0.0000;0.0000;0.0000;0.0000;0.0000;0.0000;0.0000;0.0000;0.0000;0.0000;0.0000;0.0000;1;1;1;1;35.6;
1;0;0;0;0;0;0;1;0;0;0;0;0.0000;0.0000;0.0000;0.0000;0.0000;0.0000;0.0000;0.0000;0.0000;0.0000;0.0000;0.0000;0.0000;0.0000;1;1;1;1;35.64;
1;0;0;0;0;0;0;1;0;0;0;0;0.0000;0.0000;0.0000;0.0000;0.0000;0.0000;0.0000;0.0000;0.0000;0.0000;0.0000;0.0000;0.0000;0.0000;1;1;1;1;35.68;
1;0;0;0;0;0;0;1;0;0;0;0;0.0000;0.0000;0.0000;0.0000;0.0000;0.0000;0.0000;0.0000;0.0000;0.0000;0.0000;0.0000;0.0000;0.0000;1;1;1;1;35.72;
1;0;0;0;0;0;0;1;0;0;0;0;0.0000;0.0000;0.0000;0.0000;0.0000;0.0000;0.0000;0.0000;0.0000;0.0000;0.0000;0.0000;0.0000;0.0000;1;1;1;1;35.76;
1;0;0;0;0;0;0;1;0;0;0;0;0.0000;0.0000;0.0000;0.0000;0.0000;0.0000;0.0000;0.0000;0.0000;0.0000;0.0000;0.0000;0.0000;0.0000;1;1;1;1;35.8;
1;0;0;0;0;0;0;1;0;0;0;0;0.0000;0.0000;0.0000;0.0000;0.0000;0.0000;0.0000;0.0000;0.0000;0.0000;0.0000;0.0000;0.0000;0.0000;1;1;1;1;35.84;
1;0;0;0;0;0;0;1;0;0;0;0;0.0000;0.0000;0.0000;0.0000;0.0000;0.0000;0.0000;0.0000;0.0000;0.0000;0.0000;0.0000;0.0000;0.0000;1;1;1;1;35.88;
1;0;0;0;0;0;0;1;0;0;0;0;0.0000;0.0000;0.0000;0.0000;0.0000;0.0000;0.0000;0.0000;0.0000;0.0000;0.0000;0.0000;0.0000;0.0000;1;1;1;1;35.92;
1;0;0;0;0;0;0;1;0;0;0;0;0.0000;0.0000;0.0000;0.0000;0.0000;0.0000;0.0000;0.0000;0.0000;0.0000;0.0000;0.0000;0.0000;0.0000;1;1;1;1;35.96;
1;0;0;0;0;0;0;1;0;0;0;0;0.0000;0.0000;0.0000;0.0000;0.0000;0.0000;0.0000;0.0000;0.0000;0.0000;0.0000;0.0000;0.0000;0.0000;1;1;1;1;36.04;
1;0;0;0;0;0;0;1;0;0;0;0;0.0000;0.0000;0.0000;0.0000;0.0000;0.0000;0.0000;0.0000;0.0000;0.0000;0.0000;0.0000;0.0000;0.0000;1;1;1;1;36.06;
1;0;0;0;0;0;0;1;0;0;0;0;0.0000;0.0000;0.0000;0.0000;0.0000;0.0000;0.0000;0.0000;0.0000;0.0000;0.0000;0.0000;0.0000;0.0000;1;1;1;1;36.08;
1;0;0;0;0;0;0;1;0;0;0;0;0.0000;0.0000;0.0000;0.0000;0.0000;0.0000;0.0000;0.0000;0.0000;0.0000;0.0000;0.0000;0.0000;0.0000;1;1;1;1;36.1;
1;0;0;0;0;0;0;1;0;0;0;0;0.0000;0.0000;0.0000;0.0000;0.0000;0.0000;0.0000;0.0000;0.0000;0.0000;0.0000;0.0000;0.0000;0.0000;1;1;1;1;36.12;
1;0;0;0;0;0;0;1;0;0;0;0;0.0000;0.0000;0.0000;0.0000;0.0000;0.0000;0.0000;0.0000;0.0000;0.0000;0.0000;0.0000;0.0000;0.0000;1;1;1;1;36.14;
1;0;0;0;0;0;0;1;0;0;0;0;0.0000;0.0000;0.0000;0.0000;0.0000;0.0000;0.0000;0.0000;0.0000;0.0000;0.0000;0.0000;0.0000;0.0000;1;1;1;1;36.16;
1;0;0;0;0;0;0;1;0;0;0;0;0.0000;0.0000;0.0000;0.0000;0.0000;0.0000;0.0000;0.0000;0.0000;0.0000;0.0000;0.0000;0.0000;0.0000;1;1;1;1;36.18;
1;0;0;0;0;0;0;1;0;0;0;0;0.0000;0.0000;0.0000;0.0000;0.0000;0.0000;0.0000;0.0000;0.0000;0.0000;0.0000;0.0000;0.0000;0.0000;1;1;1;1;36.2;
1;0;0;0;0;0;0;1;0;0;0;0;0.0000;0.0000;0.0000;0.0000;0.0000;0.0000;0.0000;0.0000;0.0000;0.0000;0.0000;0.0000;0.0000;0.0000;1;1;1;1;36.24;
1;0;0;0;0;0;0;1;0;0;0;0;0.0000;0.0000;0.0000;0.0000;0.0000;0.0000;0.0000;0.0000;0.0000;0.0000;0.0000;0.0000;0.0000;0.0000;1;1;1;1;36.26;
1;0;0;0;0;0;0;1;0;0;0;0;0.0000;0.0000;0.0000;0.0000;0.0000;0.0000;0.0000;0.0000;0.0000;0.0000;0.0000;0.0000;0.0000;0.0000;1;1;1;1;36.28;
1;0;0;0;0;0;0;1;0;0;0;0;0.0000;0.0000;0.0000;0.0000;0.0000;0.0000;0.0000;0.0000;0.0000;0.0000;0.0000;0.0000;0.0000;0.0000;1;1;1;1;36.3;
1;0;0;0;0;0;0;1;0;0;0;0;0.0000;0.0000;0.0000;0.0000;0.0000;0.0000;0.0000;0.0000;0.0000;0.0000;0.0000;0.0000;0.0000;0.0000;1;1;1;1;36.32;
1;0;0;0;0;0;0;1;0;0;0;0;0.0000;0.0000;0.0000;0.0000;0.0000;0.0000;0.0000;0.0000;0.0000;0.0000;0.0000;0.0000;0.0000;0.0000;1;1;1;1;36.34;
1;0;0;0;0;0;0;1;0;0;0;0;0.0000;0.0000;0.0000;0.0000;0.0000;0.0000;0.0000;0.0000;0.0000;0.0000;0.0000;0.0000;0.0000;0.0000;1;1;1;1;36.36;
1;0;0;0;0;0;0;1;0;0;0;0;0.0000;0.0000;0.0000;0.0000;0.0000;0.0000;0.0000;0.0000;0.0000;0.0000;0.0000;0.0000;0.0000;0.0000;1;1;1;1;36.38;
1;0;0;0;0;0;0;1;0;0;0;0;0.0000;0.0000;0.0000;0.0000;0.0000;0.0000;0.0000;0.0000;0.0000;0.0000;0.0000;0.0000;0.0000;0.0000;1;1;1;1;36.4;
1;0;0;0;0;0;0;1;0;0;0;0;0.0000;0.0000;0.0000;0.0000;0.0000;0.0000;0.0000;0.0000;0.0000;0.0000;0.0000;0.0000;0.0000;0.0000;1;1;1;1;36.44;
1;0;0;0;0;0;0;1;0;0;0;0;0.0000;0.0000;0.0000;0.0000;0.0000;0.0000;0.0000;0.0000;0.0000;0.0000;0.0000;0.0000;0.0000;0.0000;1;1;1;1;36.46;
1;0;0;0;0;0;0;1;0;0;0;0;0.0000;0.0000;0.0000;0.0000;0.0000;0.0000;0.0000;0.0000;0.0000;0.0000;0.0000;0.0000;0.0000;0.0000;1;1;1;1;36.48;
1;0;0;0;0;0;0;1;0;0;0;0;0.0000;0.0000;0.0000;0.0000;0.0000;0.0000;0.0000;0.0000;0.0000;0.0000;0.0000;0.0000;0.0000;0.0000;1;1;1;1;36.5;
1;0;0;0;0;0;0;1;0;0;0;0;0.0000;0.0000;0.0000;0.0000;0.0000;0.0000;0.0000;0.0000;0.0000;0.0000;0.0000;0.0000;0.0000;0.0000;1;1;1;1;36.52;
1;0;0;0;0;0;0;1;0;0;0;0;0.0000;0.0000;0.0000;0.0000;0.0000;0.0000;0.0000;0.0000;0.0000;0.0000;0.0000;0.0000;0.0000;0.0000;1;1;1;1;36.54;
1;0;0;0;0;0;0;1;0;0;0;0;0.0000;0.0000;0.0000;0.0000;0.0000;0.0000;0.0000;0.0000;0.0000;0.0000;0.0000;0.0000;0.0000;0.0000;1;1;1;1;36.56;
1;0;0;0;0;0;0;1;0;0;0;0;0.0000;0.0000;0.0000;0.0000;0.0000;0.0000;0.0000;0.0000;0.0000;0.0000;0.0000;0.0000;0.0000;0.0000;1;1;1;1;36.58;
1;0;0;0;0;0;0;1;0;0;0;0;0.0000;0.0000;0.0000;0.0000;0.0000;0.0000;0.0000;0.0000;0.0000;0.0000;0.0000;0.0000;0.0000;0.0000;1;1;1;1;36.6;
1;0;0;0;0;0;0;1;0;0;0;0;0.0000;0.0000;0.0000;0.0000;0.0000;0.0000;0.0000;0.0000;0.0000;0.0000;0.0000;0.0000;0.0000;0.0000;1;1;1;1;36.64;
1;0;0;0;0;0;0;1;0;0;0;0;0.0000;0.0000;0.0000;0.0000;0.0000;0.0000;0.0000;0.0000;0.0000;0.0000;0.0000;0.0000;0.0000;0.0000;1;1;1;1;36.66;
1;0;0;0;0;0;0;1;0;0;0;0;0.0000;0.0000;0.0000;0.0000;0.0000;0.0000;0.0000;0.0000;0.0000;0.0000;0.0000;0.0000;0.0000;0.0000;1;1;1;1;36.68;
1;0;0;0;0;0;0;1;0;0;0;0;0.0000;0.0000;0.0000;0.0000;0.0000;0.0000;0.0000;0.0000;0.0000;0.0000;0.0000;0.0000;0.0000;0.0000;1;1;1;1;36.7;
1;0;0;0;0;0;0;1;0;0;0;0;0.0000;0.0000;0.0000;0.0000;0.0000;0.0000;0.0000;0.0000;0.0000;0.0000;0.0000;0.0000;0.0000;0.0000;1;1;1;1;36.72;
1;0;0;0;0;0;0;1;0;0;0;0;0.0000;0.0000;0.0000;0.0000;0.0000;0.0000;0.0000;0.0000;0.0000;0.0000;0.0000;0.0000;0.0000;0.0000;1;1;1;1;36.74;
1;0;0;0;0;0;0;1;0;0;0;0;0.0000;0.0000;0.0000;0.0000;0.0000;0.0000;0.0000;0.0000;0.0000;0.0000;0.0000;0.0000;0.0000;0.0000;1;1;1;1;36.76;
1;0;0;0;0;0;0;1;0;0;0;0;0.0000;0.0000;0.0000;0.0000;0.0000;0.0000;0.0000;0.0000;0.0000;0.0000;0.0000;0.0000;0.0000;0.0000;1;1;1;1;36.78;
1;0;0;0;0;0;0;1;0;0;0;0;0.0000;0.0000;0.0000;0.0000;0.0000;0.0000;0.0000;0.0000;0.0000;0.0000;0.0000;0.0000;0.0000;0.0000;1;1;1;1;36.8;
1;0;0;0;0;0;0;1;0;0;0;0;0.0000;0.0000;0.0000;0.0000;0.0000;0.0000;0.0000;0.0000;0.0000;0.0000;0.0000;0.0000;0.0000;0.0000;1;1;1;1;36.84;
1;0;0;0;0;0;0;1;0;0;0;0;0.0000;0.0000;0.0000;0.0000;0.0000;0.0000;0.0000;0.0000;0.0000;0.0000;0.0000;0.0000;0.0000;0.0000;1;1;1;1;36.86;
1;0;0;0;0;0;0;1;0;0;0;0;0.0000;0.0000;0.0000;0.0000;0.0000;0.0000;0.0000;0.0000;0.0000;0.0000;0.0000;0.0000;0.0000;0.0000;1;1;1;1;36.88;
1;0;0;0;0;0;0;1;0;0;0;0;0.0000;0.0000;0.0000;0.0000;0.0000;0.0000;0.0000;0.0000;0.0000;0.0000;0.0000;0.0000;0.0000;0.0000;1;1;1;1;36.9;
1;0;0;0;0;0;0;1;0;0;0;0;0.0000;0.0000;0.0000;0.0000;0.0000;0.0000;0.0000;0.0000;0.0000;0.0000;0.0000;0.0000;0.0000;0.0000;1;1;1;1;36.92;
1;0;0;0;0;0;0;1;0;0;0;0;0.0000;0.0000;0.0000;0.0000;0.0000;0.0000;0.0000;0.0000;0.0000;0.0000;0.0000;0.0000;0.0000;0.0000;1;1;1;1;36.94;
1;0;0;0;0;0;0;1;0;0;0;0;0.0000;0.0000;0.0000;0.0000;0.0000;0.0000;0.0000;0.0000;0.0000;0.0000;0.0000;0.0000;0.0000;0.0000;1;1;1;1;36.96;
1;0;0;0;0;0;0;1;0;0;0;0;0.0000;0.0000;0.0000;0.0000;0.0000;0.0000;0.0000;0.0000;0.0000;0.0000;0.0000;0.0000;0.0000;0.0000;1;1;1;1;36.98;
1;0;0;0;0;0;0;1;0;0;0;0;0.0000;0.0000;0.0000;0.0000;0.0000;0.0000;0.0000;0.0000;0.0000;0.0000;0.0000;0.0000;0.0000;0.0000;1;1;1;1;37.0;
1;0;0;0;0;0;0;1;0;0;0;0;0.0000;0.0000;0.0000;0.0000;0.0000;0.0000;0.0000;0.0000;0.0000;0.0000;0.0000;0.0000;0.0000;0.0000;1;1;1;1;37.04;
1;0;0;0;0;0;0;1;0;0;0;0;0.0000;0.0000;0.0000;0.0000;0.0000;0.0000;0.0000;0.0000;0.0000;0.0000;0.0000;0.0000;0.0000;0.0000;1;1;1;1;37.06;
1;0;0;0;0;0;0;1;0;0;0;0;0.0000;0.0000;0.0000;0.0000;0.0000;0.0000;0.0000;0.0000;0.0000;0.0000;0.0000;0.0000;0.0000;0.0000;1;1;1;1;37.08;
1;0;0;0;0;0;0;1;0;0;0;0;0.0000;0.0000;0.0000;0.0000;0.0000;0.0000;0.0000;0.0000;0.0000;0.0000;0.0000;0.0000;0.0000;0.0000;1;1;1;1;37.1;
1;0;0;0;0;0;0;1;0;0;0;0;0.0000;0.0000;0.0000;0.0000;0.0000;0.0000;0.0000;0.0000;0.0000;0.0000;0.0000;0.0000;0.0000;0.0000;1;1;1;1;37.14;
1;0;0;0;0;0;0;1;0;0;0;0;0.0000;0.0000;0.0000;0.0000;0.0000;0.0000;0.0000;0.0000;0.0000;0.0000;0.0000;0.0000;0.0000;0.0000;1;1;1;1;37.16;
1;0;0;0;0;0;0;1;0;0;0;0;0.0000;0.0000;0.0000;0.0000;0.0000;0.0000;0.0000;0.0000;0.0000;0.0000;0.0000;0.0000;0.0000;0.0000;1;1;1;1;37.2;
1;0;0;0;0;0;0;1;0;0;0;0;0.0000;0.0000;0.0000;0.0000;0.0000;0.0000;0.0000;0.0000;0.0000;0.0000;0.0000;0.0000;0.0000;0.0000;1;1;1;1;37.22;
1;0;0;0;0;0;0;1;0;0;0;0;0.0000;0.0000;0.0000;0.0000;0.0000;0.0000;0.0000;0.0000;0.0000;0.0000;0.0000;0.0000;0.0000;0.0000;1;1;1;1;37.24;
1;0;0;0;0;0;0;1;0;0;0;0;0.0000;0.0000;0.0000;0.0000;0.0000;0.0000;0.0000;0.0000;0.0000;0.0000;0.0000;0.0000;0.0000;0.0000;1;1;1;1;37.28;
1;0;0;0;0;0;0;1;0;0;0;0;0.0000;0.0000;0.0000;0.0000;0.0000;0.0000;0.0000;0.0000;0.0000;0.0000;0.0000;0.0000;0.0000;0.0000;1;1;1;1;37.34;
1;0;0;0;0;0;0;1;0;0;0;0;0.0000;0.0000;0.0000;0.0000;0.0000;0.0000;0.0000;0.0000;0.0000;0.0000;0.0000;0.0000;0.0000;0.0000;1;1;1;1;37.36;
1;0;0;0;0;0;0;1;0;0;0;0;0.0000;0.0000;0.0000;0.0000;0.0000;0.0000;0.0000;0.0000;0.0000;0.0000;0.0000;0.0000;0.0000;0.0000;1;1;1;1;37.38;
1;0;0;0;0;0;0;1;0;0;0;0;0.0000;0.0000;0.0000;0.0000;0.0000;0.0000;0.0000;0.0000;0.0000;0.0000;0.0000;0.0000;0.0000;0.0000;1;1;1;1;37.4;
1;0;0;0;0;0;0;1;0;0;0;0;0.0000;0.0000;0.0000;0.0000;0.0000;0.0000;0.0000;0.0000;0.0000;0.0000;0.0000;0.0000;0.0000;0.0000;1;1;1;1;37.42;
1;0;0;0;0;0;0;1;0;0;0;0;0.0000;0.0000;0.0000;0.0000;0.0000;0.0000;0.0000;0.0000;0.0000;0.0000;0.0000;0.0000;0.0000;0.0000;1;1;1;1;37.44;
1;0;0;0;0;0;0;1;0;0;0;0;0.0000;0.0000;0.0000;0.0000;0.0000;0.0000;0.0000;0.0000;0.0000;0.0000;0.0000;0.0000;0.0000;0.0000;1;1;1;1;37.46;
1;0;0;0;0;0;0;1;0;0;0;0;0.0000;0.0000;0.0000;0.0000;0.0000;0.0000;0.0000;0.0000;0.0000;0.0000;0.0000;0.0000;0.0000;0.0000;1;1;1;1;37.48;
1;0;0;0;0;0;0;1;0;0;0;0;0.0000;0.0000;0.0000;0.0000;0.0000;0.0000;0.0000;0.0000;0.0000;0.0000;0.0000;0.0000;0.0000;0.0000;1;1;1;1;37.6;
1;0;0;0;0;0;0;1;0;0;0;0;0.0000;0.0000;0.0000;0.0000;0.0000;0.0000;0.0000;0.0000;0.0000;0.0000;0.0000;0.0000;0.0000;0.0000;1;1;1;1;37.64;
1;0;0;0;0;0;0;1;0;0;0;0;0.0000;0.0000;0.0000;0.0000;0.0000;0.0000;0.0000;0.0000;0.0000;0.0000;0.0000;0.0000;0.0000;0.0000;1;1;1;1;37.68;
1;0;0;0;0;0;0;1;0;0;0;0;0.0000;0.0000;0.0000;0.0000;0.0000;0.0000;0.0000;0.0000;0.0000;0.0000;0.0000;0.0000;0.0000;0.0000;1;1;1;1;37.72;
1;0;0;0;0;0;0;1;0;0;0;0;0.0000;0.0000;0.0000;0.0000;0.0000;0.0000;0.0000;0.0000;0.0000;0.0000;0.0000;0.0000;0.0000;0.0000;1;1;1;1;37.78;
1;0;0;0;0;0;0;1;0;0;0;0;0.0000;0.0000;0.0000;0.0000;0.0000;0.0000;0.0000;0.0000;0.0000;0.0000;0.0000;0.0000;0.0000;0.0000;1;1;1;1;37.8;
1;0;0;0;0;0;0;1;0;0;0;0;0.0000;0.0000;0.0000;0.0000;0.0000;0.0000;0.0000;0.0000;0.0000;0.0000;0.0000;0.0000;0.0000;0.0000;1;1;1;1;38.02;
1;0;0;0;0;0;0;1;0;0;0;0;0.0000;0.0000;0.0000;0.0000;0.0000;0.0000;0.0000;0.0000;0.0000;0.0000;0.0000;0.0000;0.0000;0.0000;1;1;1;1;38.06;
1;0;0;0;0;0;0;1;0;0;0;0;0.0000;0.0000;0.0000;0.0000;0.0000;0.0000;0.0000;0.0000;0.0000;0.0000;0.0000;0.0000;0.0000;0.0000;1;1;1;1;38.1;
1;0;0;0;0;0;0;1;0;0;0;0;0.0000;8.7266;0.0000;0.0000;0.0000;0.9951;0.9951;0.9951;0.9951;0.0000;0.0000;0.0000;0.0000;0.0000;1;1;1;1;38.14;
1;0;0;0;0;0;0;1;0;0;0;0;0.0000;0.0000;0.0000;8.7266;0.0000;1.9973;1.9973;1.9973;1.9973;0.0000;0.0000;0.0000;0.0000;0.0000;1;1;1;1;38.22;
1;0;0;0;0;0;0;1;0;0;0;0;8.7266;0.0000;0.0000;0.0000;0.0000;2.9995;2.9995;2.9995;2.9995;0.0000;0.0000;0.0000;0.0000;0.0000;1;1;1;1;38.3;
1;0;0;0;0;0;0;1;0;0;0;0;8.7266;8.7266;0.0000;8.7266;0.0000;4.9968;4.9968;4.9968;4.9968;0.0000;0.0000;0.0000;0.0000;0.0000;1;1;1;1;38.42;
1;0;0;0;0;0;0;1;0;0;0;0;0.0000;8.7266;0.0000;8.7266;0.0000;5.9991;5.9991;5.9991;5.9991;0.0000;0.0000;0.0000;0.0000;0.0000;1;1;1;1;38.48;
1;0;0;0;0;0;0;1;0;0;0;0;8.7266;8.7266;8.7266;0.0000;0.0000;7.9964;7.9964;7.9964;7.9964;0.0000;0.0000;0.0000;0.0000;0.0000;1;1;1;1;38.58;
1;0;0;0;0;0;0;1;0;0;0;0;8.7266;8.7266;8.7266;0.0000;0.0000;9.9937;9.9937;9.9937;9.9937;0.0000;0.0000;0.0000;0.0000;0.0000;1;1;1;1;38.7;
1;0;0;0;0;0;0;1;0;0;0;0;8.7266;8.7266;17.4531;8.7266;0.0000;9.9937;9.9937;9.9937;9.9937;0.0000;0.0000;0.0000;0.0000;0.0000;1;1;1;1;38.76;
1;0;0;0;0;0;0;1;0;0;0;0;8.7266;8.7266;8.7266;8.7266;0.0000;10.9959;10.9959;10.9959;10.9959;0.0000;0.0000;0.0000;0.0000;0.0000;1;1;1;1;38.8;
1;0;0;0;0;0;0;1;0;0;0;0;8.7266;8.7266;8.7266;17.4531;0.0000;11.9981;11.9981;11.9981;11.9981;0.0000;0.0000;0.0000;0.0000;0.0000;1;1;1;1;38.84;
1;0;0;0;0;0;0;1;0;0;0;0;17.4531;8.7266;8.7266;8.7266;0.0000;11.9981;11.9981;11.9981;11.9981;0.0000;0.0000;0.0000;0.0000;0.0000;1;1;1;1;38.88;
1;0;0;0;0;0;0;1;0;0;0;0;8.7266;17.4531;17.4531;17.4531;0.0000;13.9954;13.9954;13.9954;13.9954;0.0000;0.0000;0.0000;0.0000;0.0000;1;1;1;1;39.02;
1;0;0;0;0;0;0;1;0;0;0;0;17.4531;17.4531;17.4531;8.7266;0.0000;14.9977;14.9977;14.9977;14.9977;0.0000;0.0000;0.0000;0.0000;0.0000;1;1;1;1;39.04;
1;0;0;0;0;0;0;1;0;0;0;0;17.4531;17.4531;17.4531;17.4531;0.0000;14.9977;14.9977;14.9977;14.9977;0.0000;0.0000;0.0000;0.0000;0.0000;1;1;1;1;39.08;
1;0;0;0;0;0;0;1;0;0;0;0;17.4531;8.7266;17.4531;17.4531;0.0000;14.9977;14.9977;14.9977;14.9977;0.0000;0.0000;0.0000;0.0000;0.0000;1;1;1;1;39.1;
1;0;0;0;0;0;0;1;0;0;0;0;17.4531;17.4531;17.4531;17.4531;0.0000;15.9999;15.9999;15.9999;15.9999;0.0000;0.0000;0.0000;0.0000;0.0000;1;1;1;1;39.12;
1;0;0;0;0;0;0;1;0;0;0;0;17.4531;17.4531;8.7266;17.4531;0.0000;15.9999;15.9999;15.9999;15.9999;0.0000;0.0000;0.0000;0.0000;0.0000;1;1;1;1;39.14;
1;0;0;0;0;0;0;1;0;0;0;0;17.4531;17.4531;17.4531;17.4531;0.0000;16.9950;16.9950;16.9950;16.9950;0.0000;0.0000;0.0000;0.0000;0.0000;1;1;1;1;39.24;
1;0;0;0;0;0;0;1;0;0;0;0;8.7266;17.4531;17.4531;17.4531;0.0000;17.9972;17.9972;17.9972;17.9972;0.0000;0.0000;0.0000;0.0000;0.0000;1;1;1;1;39.26;
1;0;0;0;0;0;0;1;0;0;0;0;8.7266;26.1797;17.4531;17.4531;0.0000;17.9972;17.9972;17.9972;17.9972;0.0000;0.0000;0.0000;0.0000;0.0000;1;1;1;1;39.28;
1;0;0;0;0;0;0;1;0;0;0;0;17.4531;26.1797;8.7266;17.4531;0.0000;18.9994;18.9994;18.9994;18.9994;0.0000;0.0000;0.0000;0.0000;0.0000;1;1;1;1;39.34;
1;0;0;0;0;0;0;1;0;0;0;0;17.4531;17.4531;17.4531;17.4531;0.0000;19.9945;19.9945;19.9945;19.9945;0.0000;0.0000;0.0000;0.0000;0.0000;1;1;1;1;39.38;
1;0;0;0;0;0;0;1;0;0;0;0;17.4531;17.4531;17.4531;26.1797;0.0000;20.9968;20.9968;20.9968;20.9968;0.0000;0.0000;0.0000;0.0000;0.0000;1;1;1;1;39.44;
1;0;0;0;0;0;0;1;0;0;0;0;26.1797;26.1797;17.4531;26.1797;0.0000;20.9968;20.9968;20.9968;20.9968;0.0000;0.0000;0.0000;0.0000;0.0000;1;1;1;1;39.46;
1;0;0;0;0;0;0;1;0;0;0;0;17.4531;26.1797;26.1797;17.4531;0.0000;20.9968;20.9968;20.9968;20.9968;0.0000;0.0000;0.0000;0.0000;0.0000;1;1;1;1;39.48;
1;0;0;0;0;0;0;1;0;0;0;0;26.1797;17.4531;17.4531;17.4531;0.0000;21.9990;21.9990;21.9990;21.9990;0.0000;0.0000;0.0000;0.0000;0.0000;1;1;1;1;39.5;
1;0;0;0;0;0;0;1;0;0;0;0;17.4531;17.4531;26.1797;26.1797;0.0000;21.9990;21.9990;21.9990;21.9990;0.0000;0.0000;0.0000;0.0000;0.0000;1;1;1;1;39.54;
1;0;0;0;0;0;0;1;0;0;0;0;26.1797;26.1797;17.4531;26.1797;0.0000;22.9941;22.9941;22.9941;22.9941;0.0000;0.0000;0.0000;0.0000;0.0000;1;1;1;1;39.58;
1;0;0;0;0;0;0;1;0;0;0;0;26.1797;26.1797;17.4531;26.1797;0.0000;23.9963;23.9963;23.9963;23.9963;0.0000;0.0000;0.0000;0.0000;0.0000;1;1;1;1;39.64;
1;0;0;0;0;0;0;1;0;0;0;0;26.1797;26.1797;26.1797;26.1797;0.0000;24.9985;24.9985;24.9985;24.9985;0.0000;0.0000;0.0000;0.0000;0.0000;1;1;1;1;39.72;
1;0;0;0;0;0;0;1;0;0;0;0;26.1797;26.1797;26.1797;26.1797;0.0000;24.9985;24.9985;24.9985;24.9985;0.0000;0.0000;0.0000;0.0000;0.0000;1;1;1;1;39.76;
1;0;0;0;0;0;0;1;0;0;0;0;26.1797;26.1797;26.1797;17.4531;0.0000;25.9936;25.9936;25.9936;25.9936;0.0000;0.0000;0.0000;0.0000;0.0000;1;1;1;1;39.78;
1;0;0;0;0;0;0;1;0;0;0;0;26.1797;34.9063;17.4531;26.1797;0.0000;25.9936;25.9936;25.9936;25.9936;0.0000;0.0000;0.0000;0.0000;0.0000;1;1;1;1;39.8;
1;0;0;0;0;0;0;1;0;0;0;0;26.1797;34.9063;34.9063;26.1797;0.0000;26.9958;26.9958;26.9958;26.9958;0.0000;0.0000;0.0000;0.0000;0.0000;1;1;1;1;39.86;
1;0;0;0;0;0;0;1;0;0;0;0;26.1797;26.1797;34.9063;34.9063;0.0000;27.9981;27.9981;27.9981;27.9981;0.0000;0.0000;0.0000;0.0000;0.0000;1;1;1;1;39.92;
1;0;0;0;0;0;0;1;0;0;0;0;34.9063;34.9063;34.9063;34.9063;0.0000;28.9931;28.9931;28.9931;28.9931;0.0000;0.0000;0.0000;0.0000;0.0000;1;1;1;1;39.98;
1;0;0;0;0;0;0;1;0;0;0;0;26.1797;26.1797;26.1797;26.1797;0.0000;28.9931;28.9931;28.9931;28.9931;0.0000;0.0000;0.0000;0.0000;0.0000;1;1;1;1;40.02;
1;0;0;0;0;0;0;1;0;0;0;0;26.1797;34.9063;26.1797;34.9063;0.0000;29.9954;29.9954;29.9954;29.9954;0.0000;0.0000;0.0000;0.0000;0.0000;1;1;1;1;40.04;
1;0;0;0;0;0;0;1;0;0;0;0;34.9063;26.1797;26.1797;26.1797;0.0000;29.9954;29.9954;29.9954;29.9954;0.0000;0.0000;0.0000;0.0000;0.0000;1;1;1;1;40.12;
1;0;0;0;0;0;0;1;0;0;0;0;26.1797;34.9063;26.1797;34.9063;0.0000;29.9954;29.9954;29.9954;29.9954;0.0000;0.0000;0.0000;0.0000;0.0000;1;1;1;1;40.2;
1;0;0;0;0;0;0;1;0;0;0;0;26.1797;34.9063;26.1797;26.1797;0.0000;29.9954;29.9954;29.9954;29.9954;0.0000;0.0000;0.0000;0.0000;0.0000;1;1;1;1;40.24;
1;0;0;0;0;0;0;1;0;0;0;0;26.1797;26.1797;26.1797;26.1797;0.0000;29.9954;29.9954;29.9954;29.9954;0.0000;0.0000;0.0000;0.0000;0.0000;1;1;1;1;40.28;
1;0;0;0;0;0;0;1;0;0;0;0;34.9063;26.1797;34.9063;34.9063;0.0000;29.9954;29.9954;29.9954;29.9954;0.0000;0.0000;0.0000;0.0000;0.0000;1;1;1;1;40.3;
1;0;0;0;0;0;0;1;0;0;0;0;26.1797;34.9063;26.1797;26.1797;0.0000;29.9954;29.9954;29.9954;29.9954;0.0000;0.0000;0.0000;0.0000;0.0000;1;1;1;1;40.4;
1;0;0;0;0;0;0;1;0;0;0;0;34.9063;26.1797;34.9063;34.9063;0.0000;29.9954;29.9954;29.9954;29.9954;0.0000;0.0000;0.0000;0.0000;0.0000;1;1;1;1;40.44;
1;0;0;0;0;0;0;1;0;0;0;0;26.1797;26.1797;26.1797;34.9063;0.0000;29.9954;29.9954;29.9954;29.9954;0.0000;0.0000;0.0000;0.0000;0.0000;1;1;1;1;40.48;
1;0;0;0;0;0;0;1;0;0;0;0;26.1797;26.1797;34.9063;26.1797;0.0000;29.9954;29.9954;29.9954;29.9954;0.0000;0.0000;0.0000;0.0000;0.0000;1;1;1;1;40.5;
1;0;0;0;0;0;0;1;0;0;0;0;26.1797;34.9063;26.1797;26.1797;0.0000;29.9954;29.9954;29.9954;29.9954;0.0000;0.0000;0.0000;0.0000;0.0000;1;1;1;1;40.6;
1;0;0;0;0;0;0;1;0;0;0;0;26.1797;34.9063;34.9063;26.1797;0.0000;29.9954;29.9954;29.9954;29.9954;0.0000;0.0000;0.0000;0.0000;0.0000;1;1;1;1;40.62;
1;0;0;0;0;0;0;1;0;0;0;0;26.1797;26.1797;34.9063;26.1797;0.0000;29.9954;29.9954;29.9954;29.9954;0.0000;0.0000;0.0000;0.0000;0.0000;1;1;1;1;40.64;
1;0;0;0;0;0;0;1;0;0;0;0;26.1797;26.1797;26.1797;34.9063;0.0000;29.9954;29.9954;29.9954;29.9954;0.0000;0.0000;0.0000;0.0000;0.0000;1;1;1;1;40.74;
1;0;0;0;0;0;0;1;0;0;0;0;26.1797;34.9063;26.1797;34.9063;0.0000;29.9954;29.9954;29.9954;29.9954;0.0000;0.0000;0.0000;0.0000;0.0000;1;1;1;1;40.86;
1;0;0;0;0;0;0;1;0;0;0;0;34.9063;26.1797;26.1797;26.1797;0.0000;29.9954;29.9954;29.9954;29.9954;0.0000;0.0000;0.0000;0.0000;0.0000;1;1;1;1;40.94;
1;0;0;0;0;0;0;1;0;0;0;0;34.9063;26.1797;34.9063;26.1797;0.0000;29.9954;29.9954;29.9954;29.9954;0.0000;0.0000;0.0000;0.0000;0.0000;1;1;1;1;40.98;
1;0;0;0;0;0;0;1;0;0;0;0;26.1797;34.9063;34.9063;34.9063;0.0000;29.9954;29.9954;29.9954;29.9954;0.0000;0.0000;0.0000;0.0000;0.0000;1;1;1;1;41.18;
1;0;0;0;0;0;0;1;0;0;0;0;34.9063;34.9063;26.1797;34.9063;0.0000;29.9954;29.9954;29.9954;29.9954;0.0000;0.0000;0.0000;0.0000;0.0000;1;1;1;1;41.24;
1;0;0;0;0;0;0;1;0;0;0;0;34.9063;26.1797;26.1797;34.9063;0.0000;29.9954;29.9954;29.9954;29.9954;0.0000;0.0000;0.0000;0.0000;0.0000;1;1;1;1;41.28;
1;0;0;0;0;0;0;1;0;0;0;0;34.9063;34.9063;26.1797;26.1797;0.0000;29.9954;29.9954;29.9954;29.9954;0.0000;0.0000;0.0000;0.0000;0.0000;1;1;1;1;41.4;
1;0;0;0;0;0;0;1;0;0;0;0;34.9063;26.1797;26.1797;26.1797;0.0000;29.9954;29.9954;29.9954;29.9954;0.0000;0.0000;0.0000;0.0000;0.0000;1;1;1;1;41.42;
1;0;0;0;0;0;0;1;0;0;0;0;26.1797;34.9063;34.9063;34.9063;0.0000;29.9954;29.9954;29.9954;29.9954;0.0000;0.0000;0.0000;0.0000;0.0000;1;1;1;1;41.48;
1;0;0;0;0;0;0;1;0;0;0;0;26.1797;26.1797;34.9063;26.1797;0.0000;29.9954;29.9954;29.9954;29.9954;0.0000;0.0000;0.0000;0.0000;0.0000;1;1;1;1;41.52;
1;0;0;0;0;0;0;1;0;0;0;0;26.1797;26.1797;26.1797;34.9063;0.0000;29.9954;29.9954;29.9954;29.9954;0.0000;0.0000;0.0000;0.0000;0.0000;1;1;1;1;41.54;
1;0;0;0;0;0;0;1;0;0;0;0;26.1797;26.1797;34.9063;26.1797;0.0000;29.9954;29.9954;29.9954;29.9954;0.0000;0.0000;0.0000;0.0000;0.0000;1;1;1;1;41.6;
1;0;0;0;0;0;0;1;0;0;0;0;34.9063;26.1797;26.1797;34.9063;0.0000;29.9954;29.9954;29.9954;29.9954;0.0000;0.0000;0.0000;0.0000;0.0000;1;1;1;1;41.64;
1;0;0;0;0;0;0;1;0;0;0;0;26.1797;26.1797;26.1797;34.9063;0.0000;29.9954;29.9954;29.9954;29.9954;0.0000;0.0000;0.0000;0.0000;0.0000;1;1;1;1;41.68;
1;0;0;0;0;0;0;1;0;0;0;0;26.1797;34.9063;26.1797;34.9063;0.0000;29.9954;29.9954;29.9954;29.9954;0.0000;0.0000;0.0000;0.0000;0.0000;1;1;1;1;41.8;
1;0;0;0;0;0;0;1;0;0;0;0;26.1797;34.9063;34.9063;26.1797;0.0000;29.9954;29.9954;29.9954;29.9954;0.0000;0.0000;0.0000;0.0000;0.0000;1;1;1;1;41.86;
1;0;0;0;0;0;0;1;0;0;0;0;34.9063;26.1797;26.1797;26.1797;0.0000;29.9954;29.9954;29.9954;29.9954;0.0000;0.0000;0.0000;0.0000;0.0000;1;1;1;1;41.88;
1;0;0;0;0;0;0;1;0;0;0;0;34.9063;26.1797;26.1797;26.1797;0.0000;29.9954;29.9954;29.9954;29.9954;0.0000;0.0000;0.0000;0.0000;0.0000;1;1;1;1;41.92;
1;0;0;0;0;0;0;1;0;0;0;0;26.1797;26.1797;26.1797;26.1797;0.0000;29.9954;29.9954;29.9954;29.9954;0.0000;0.0000;0.0000;0.0000;0.0000;1;1;1;1;42.0;
1;0;0;0;0;0;0;1;0;0;0;0;26.1797;34.9063;26.1797;26.1797;0.0000;28.9931;28.9931;28.9931;28.9931;0.0000;0.0000;0.0000;0.0000;0.0000;1;1;1;1;42.08;
1;0;0;0;0;0;0;1;0;0;0;0;26.1797;26.1797;26.1797;26.1797;0.0000;27.9981;27.9981;27.9981;27.9981;0.0000;0.0000;0.0000;0.0000;0.0000;1;1;1;1;42.12;
1;0;0;0;0;0;0;1;0;0;0;0;26.1797;26.1797;26.1797;26.1797;0.0000;26.9958;26.9958;26.9958;26.9958;0.0000;0.0000;0.0000;0.0000;0.0000;1;1;1;1;42.16;
1;0;0;0;0;0;0;1;0;0;0;0;26.1797;26.1797;26.1797;26.1797;0.0000;26.9958;26.9958;26.9958;26.9958;0.0000;0.0000;0.0000;0.0000;0.0000;1;1;1;1;42.18;
1;0;0;0;0;0;0;1;0;0;0;0;26.1797;34.9063;34.9063;26.1797;0.0000;26.9958;26.9958;26.9958;26.9958;0.0000;0.0000;0.0000;0.0000;0.0000;1;1;1;1;42.2;
1;0;0;0;0;0;0;1;0;0;0;0;26.1797;26.1797;34.9063;26.1797;0.0000;25.9936;25.9936;25.9936;25.9936;0.0000;0.0000;0.0000;0.0000;0.0000;1;1;1;1;42.26;
1;0;0;0;0;0;0;1;0;0;0;0;17.4531;26.1797;26.1797;26.1797;0.0000;25.9936;25.9936;25.9936;25.9936;0.0000;0.0000;0.0000;0.0000;0.0000;1;1;1;1;42.28;
1;0;0;0;0;0;0;1;0;0;0;0;26.1797;26.1797;26.1797;26.1797;0.0000;24.9985;24.9985;24.9985;24.9985;0.0000;0.0000;0.0000;0.0000;0.0000;1;1;1;1;42.3;
1;0;0;0;0;0;0;1;0;0;0;0;17.4531;34.9063;26.1797;34.9063;0.0000;24.9985;24.9985;24.9985;24.9985;0.0000;0.0000;0.0000;0.0000;0.0000;1;1;1;1;42.32;
1;0;0;0;0;0;0;1;0;0;0;0;26.1797;26.1797;26.1797;26.1797;0.0000;23.9963;23.9963;23.9963;23.9963;0.0000;0.0000;0.0000;0.0000;0.0000;1;1;1;1;42.36;
1;0;0;0;0;0;0;1;0;0;0;0;17.4531;34.9063;26.1797;26.1797;0.0000;23.9963;23.9963;23.9963;23.9963;0.0000;0.0000;0.0000;0.0000;0.0000;1;1;1;1;42.38;
1;0;0;0;0;0;0;1;0;0;0;0;26.1797;26.1797;26.1797;26.1797;0.0000;23.9963;23.9963;23.9963;23.9963;0.0000;0.0000;0.0000;0.0000;0.0000;1;1;1;1;42.4;
1;0;0;0;0;0;0;1;0;0;0;0;26.1797;26.1797;26.1797;17.4531;0.0000;22.9941;22.9941;22.9941;22.9941;0.0000;0.0000;0.0000;0.0000;0.0000;1;1;1;1;42.46;
1;0;0;0;0;0;0;1;0;0;0;0;17.4531;26.1797;26.1797;26.1797;0.0000;22.9941;22.9941;22.9941;22.9941;0.0000;0.0000;0.0000;0.0000;0.0000;1;1;1;1;42.48;
1;0;0;0;0;0;0;1;0;0;0;0;17.4531;17.4531;17.4531;17.4531;0.0000;20.9968;20.9968;20.9968;20.9968;0.0000;0.0000;0.0000;0.0000;0.0000;1;1;1;1;42.6;
1;0;0;0;0;0;0;1;0;0;0;0;17.4531;17.4531;17.4531;17.4531;0.0000;19.9945;19.9945;19.9945;19.9945;0.0000;0.0000;0.0000;0.0000;0.0000;1;1;1;1;42.64;
1;0;0;0;0;0;0;1;0;0;0;0;26.1797;26.1797;17.4531;26.1797;0.0000;19.9945;19.9945;19.9945;19.9945;0.0000;0.0000;0.0000;0.0000;0.0000;1;1;1;1;42.66;
1;0;0;0;0;0;0;1;0;0;0;0;26.1797;26.1797;26.1797;17.4531;0.0000;19.9945;19.9945;19.9945;19.9945;0.0000;0.0000;0.0000;0.0000;0.0000;1;1;1;1;42.68;
1;0;0;0;0;0;0;1;0;0;0;0;17.4531;26.1797;26.1797;17.4531;0.0000;18.9994;18.9994;18.9994;18.9994;0.0000;0.0000;0.0000;0.0000;0.0000;1;1;1;1;42.7;
1;0;0;0;0;0;0;1;0;0;0;0;26.1797;17.4531;17.4531;17.4531;0.0000;18.9994;18.9994;18.9994;18.9994;0.0000;0.0000;0.0000;0.0000;0.0000;1;1;1;1;42.72;
1;0;0;0;0;0;0;1;0;0;0;0;17.4531;26.1797;17.4531;17.4531;0.0000;17.9972;17.9972;17.9972;17.9972;0.0000;0.0000;0.0000;0.0000;0.0000;1;1;1;1;42.76;
1;0;0;0;0;0;0;1;0;0;0;0;17.4531;8.7266;17.4531;17.4531;0.0000;16.9950;16.9950;16.9950;16.9950;0.0000;0.0000;0.0000;0.0000;0.0000;1;1;1;1;42.84;
1;0;0;0;0;0;0;1;0;0;0;0;17.4531;17.4531;17.4531;26.1797;0.0000;16.9950;16.9950;16.9950;16.9950;0.0000;0.0000;0.0000;0.0000;0.0000;1;1;1;1;42.86;
1;0;0;0;0;0;0;1;0;0;0;0;17.4531;26.1797;17.4531;17.4531;0.0000;16.9950;16.9950;16.9950;16.9950;0.0000;0.0000;0.0000;0.0000;0.0000;1;1;1;1;42.88;
1;0;0;0;0;0;0;1;0;0;0;0;17.4531;17.4531;17.4531;17.4531;0.0000;15.9999;15.9999;15.9999;15.9999;0.0000;0.0000;0.0000;0.0000;0.0000;1;1;1;1;42.9;
1;0;0;0;0;0;0;1;0;0;0;0;8.7266;17.4531;17.4531;8.7266;0.0000;15.9999;15.9999;15.9999;15.9999;0.0000;0.0000;0.0000;0.0000;0.0000;1;1;1;1;42.94;
1;0;0;0;0;0;0;1;0;0;0;0;17.4531;17.4531;17.4531;17.4531;0.0000;14.9977;14.9977;14.9977;14.9977;0.0000;0.0000;0.0000;0.0000;0.0000;1;1;1;1;42.96;
1;0;0;0;0;0;0;1;0;0;0;0;17.4531;8.7266;17.4531;17.4531;0.0000;14.9977;14.9977;14.9977;14.9977;0.0000;0.0000;0.0000;0.0000;0.0000;1;1;1;1;42.98;
1;0;0;0;0;0;0;1;0;0;0;0;17.4531;17.4531;26.1797;17.4531;0.0000;14.9977;14.9977;14.9977;14.9977;0.0000;0.0000;0.0000;0.0000;0.0000;1;1;1;1;43.0;
1;0;0;0;0;0;0;1;0;0;0;0;17.4531;17.4531;17.4531;8.7266;0.0000;13.9954;13.9954;13.9954;13.9954;0.0000;0.0000;0.0000;0.0000;0.0000;1;1;1;1;43.02;
1;0;0;0;0;0;0;1;0;0;0;0;17.4531;17.4531;8.7266;17.4531;0.0000;13.9954;13.9954;13.9954;13.9954;0.0000;0.0000;0.0000;0.0000;0.0000;1;1;1;1;43.04;
1;0;0;0;0;0;0;1;0;0;0;0;17.4531;17.4531;8.7266;17.4531;0.0000;13.9954;13.9954;13.9954;13.9954;0.0000;0.0000;0.0000;0.0000;0.0000;1;1;1;1;43.06;
1;0;0;0;0;0;0;1;0;0;0;0;8.7266;17.4531;8.7266;17.4531;0.0000;13.9954;13.9954;13.9954;13.9954;0.0000;0.0000;0.0000;0.0000;0.0000;1;1;1;1;43.08;
1;0;0;0;0;0;0;1;0;0;0;0;8.7266;17.4531;17.4531;17.4531;0.0000;12.9932;12.9932;12.9932;12.9932;0.0000;0.0000;0.0000;0.0000;0.0000;1;1;1;1;43.1;
1;0;0;0;0;0;0;1;0;0;0;0;8.7266;17.4531;17.4531;17.4531;0.0000;12.9932;12.9932;12.9932;12.9932;0.0000;0.0000;0.0000;0.0000;0.0000;1;1;1;1;43.14;
1;0;0;0;0;0;0;1;0;0;0;0;17.4531;8.7266;8.7266;17.4531;0.0000;11.9981;11.9981;11.9981;11.9981;0.0000;0.0000;0.0000;0.0000;0.0000;1;1;1;1;43.18;
1;0;0;0;0;0;0;1;0;0;0;0;17.4531;8.7266;17.4531;17.4531;0.0000;11.9981;11.9981;11.9981;11.9981;0.0000;0.0000;0.0000;0.0000;0.0000;1;1;1;1;43.2;
1;0;0;0;0;0;0;1;0;0;0;0;8.7266;8.7266;8.7266;8.7266;0.0000;11.9981;11.9981;11.9981;11.9981;0.0000;0.0000;0.0000;0.0000;0.0000;1;1;1;1;43.22;
1;0;0;0;0;0;0;1;0;0;0;0;8.7266;17.4531;17.4531;8.7266;0.0000;10.9959;10.9959;10.9959;10.9959;0.0000;0.0000;0.0000;0.0000;0.0000;1;1;1;1;43.24;
1;0;0;0;0;0;0;1;0;0;0;0;17.4531;8.7266;17.4531;17.4531;0.0000;10.9959;10.9959;10.9959;10.9959;0.0000;0.0000;0.0000;0.0000;0.0000;1;1;1;1;43.26;
1;0;0;0;0;0;0;1;0;0;0;0;17.4531;8.7266;8.7266;17.4531;0.0000;10.9959;10.9959;10.9959;10.9959;0.0000;0.0000;0.0000;0.0000;0.0000;1;1;1;1;43.28;
1;0;0;0;0;0;0;1;0;0;0;0;8.7266;17.4531;17.4531;8.7266;0.0000;9.9937;9.9937;9.9937;9.9937;0.0000;0.0000;0.0000;0.0000;0.0000;1;1;1;1;43.3;
1;0;0;0;0;0;0;1;0;0;0;0;8.7266;8.7266;8.7266;8.7266;0.0000;9.9937;9.9937;9.9937;9.9937;0.0000;0.0000;0.0000;0.0000;0.0000;1;1;1;1;43.32;
1;0;0;0;0;0;0;1;0;0;0;0;8.7266;8.7266;8.7266;8.7266;0.0000;8.9986;8.9986;8.9986;8.9986;0.0000;0.0000;0.0000;0.0000;0.0000;1;1;1;1;43.36;
1;0;0;0;0;0;0;1;0;0;0;0;8.7266;0.0000;8.7266;17.4531;0.0000;8.9986;8.9986;8.9986;8.9986;0.0000;0.0000;0.0000;0.0000;0.0000;1;1;1;1;43.38;
1;0;0;0;0;0;0;1;0;0;0;0;8.7266;8.7266;0.0000;0.0000;0.0000;8.9986;8.9986;8.9986;8.9986;0.0000;0.0000;0.0000;0.0000;0.0000;1;1;1;1;43.4;
1;0;0;0;0;0;0;1;0;0;0;0;8.7266;8.7266;8.7266;8.7266;0.0000;7.9964;7.9964;7.9964;7.9964;0.0000;0.0000;0.0000;0.0000;0.0000;1;1;1;1;43.42;
1;0;0;0;0;0;0;1;0;0;0;0;8.7266;17.4531;17.4531;8.7266;0.0000;7.9964;7.9964;7.9964;7.9964;0.0000;0.0000;0.0000;0.0000;0.0000;1;1;1;1;43.46;
1;0;0;0;0;0;0;1;0;0;0;0;8.7266;8.7266;8.7266;8.7266;0.0000;6.9941;6.9941;6.9941;6.9941;0.0000;0.0000;0.0000;0.0000;0.0000;1;1;1;1;43.48;
1;0;0;0;0;0;0;1;0;0;0;0;8.7266;8.7266;8.7266;8.7266;0.0000;6.9941;6.9941;6.9941;6.9941;0.0000;0.0000;0.0000;0.0000;0.0000;1;1;1;1;43.5;
1;0;0;0;0;0;0;1;0;0;0;0;8.7266;8.7266;0.0000;8.7266;0.0000;6.9941;6.9941;6.9941;6.9941;0.0000;0.0000;0.0000;0.0000;0.0000;1;1;1;1;43.52;
1;0;0;0;0;0;0;1;0;0;0;0;8.7266;8.7266;8.7266;8.7266;0.0000;6.9941;6.9941;6.9941;6.9941;0.0000;0.0000;0.0000;0.0000;0.0000;1;1;1;1;43.54;
1;0;0;0;0;0;0;1;0;0;0;0;8.7266;8.7266;8.7266;8.7266;0.0000;5.9991;5.9991;5.9991;5.9991;0.0000;0.0000;0.0000;0.0000;0.0000;1;1;1;1;43.56;
1;0;0;0;0;0;0;1;0;0;0;0;0.0000;8.7266;8.7266;0.0000;0.0000;5.9991;5.9991;5.9991;5.9991;0.0000;0.0000;0.0000;0.0000;0.0000;1;1;1;1;43.58;
1;0;0;0;0;0;0;1;0;0;0;0;8.7266;8.7266;8.7266;8.7266;0.0000;5.9991;5.9991;5.9991;5.9991;0.0000;0.0000;0.0000;0.0000;0.0000;1;1;1;1;43.6;
1;0;0;0;0;0;0;1;0;0;0;0;8.7266;8.7266;8.7266;8.7266;0.0000;4.9968;4.9968;4.9968;4.9968;0.0000;0.0000;0.0000;0.0000;0.0000;1;1;1;1;43.64;
1;0;0;0;0;0;0;1;0;0;0;0;0.0000;0.0000;8.7266;8.7266;0.0000;2.9995;2.9995;2.9995;2.9995;0.0000;0.0000;0.0000;0.0000;0.0000;1;1;1;1;43.76;
1;0;0;0;0;0;0;1;0;0;0;0;8.7266;8.7266;0.0000;0.0000;0.0000;2.9995;2.9995;2.9995;2.9995;0.0000;0.0000;0.0000;0.0000;0.0000;1;1;1;1;43.78;
1;0;0;0;0;0;0;1;0;0;0;0;8.7266;8.7266;0.0000;8.7266;0.0000;1.9973;1.9973;1.9973;1.9973;0.0000;0.0000;0.0000;0.0000;0.0000;1;1;1;1;43.88;
1;0;0;0;0;0;0;1;0;0;0;0;0.0000;0.0000;0.0000;0.0000;0.0000;0.9951;0.9951;0.9951;0.9951;0.0000;0.0000;0.0000;0.0000;0.0000;1;1;1;1;43.9;
1;0;0;0;0;0;0;1;0;0;0;0;0.0000;0.0000;0.0000;0.0000;0.0000;0.9951;0.9951;0.9951;0.9951;0.0000;0.0000;0.0000;0.0000;0.0000;1;1;1;1;43.92;
1;0;0;0;0;0;0;1;0;0;0;0;0.0000;0.0000;0.0000;0.0000;0.0000;0.9951;0.9951;0.9951;0.9951;0.0000;0.0000;0.0000;0.0000;0.0000;1;1;1;1;43.94;
1;0;0;0;0;0;0;1;0;0;0;0;0.0000;8.7266;0.0000;0.0000;0.0000;0.0000;0.0000;0.0000;0.0000;0.0000;0.0000;0.0000;0.0000;0.0000;1;1;1;1;43.96;
1;0;0;0;0;0;0;1;0;0;0;0;0.0000;8.7266;0.0000;0.0000;0.0000;0.0000;0.0000;0.0000;0.0000;0.0000;0.0000;0.0000;0.0000;0.0000;1;1;1;1;43.98;
1;0;0;0;0;0;0;1;0;0;0;0;0.0000;0.0000;0.0000;0.0000;0.0000;0.0000;0.0000;0.0000;0.0000;0.0000;0.0000;0.0000;0.0000;0.0000;1;1;1;1;44.06;
1;0;0;0;0;0;0;1;0;0;0;0;0.0000;0.0000;0.0000;0.0000;0.0000;0.0000;0.0000;0.0000;0.0000;0.0000;0.0000;0.0000;0.0000;0.0000;1;1;1;1;44.1;
1;0;0;0;0;0;0;1;0;0;0;0;0.0000;0.0000;0.0000;0.0000;0.0000;0.0000;0.0000;0.0000;0.0000;0.0000;0.0000;0.0000;0.0000;0.0000;1;1;1;1;44.14;
1;0;0;0;0;0;0;1;0;0;0;0;0.0000;0.0000;0.0000;0.0000;0.0000;0.0000;0.0000;0.0000;0.0000;0.0000;0.0000;0.0000;0.0000;0.0000;1;1;1;1;44.16;
1;0;0;0;0;0;0;1;0;0;0;0;0.0000;0.0000;0.0000;0.0000;0.0000;0.0000;0.0000;0.0000;0.0000;0.0000;0.0000;0.0000;0.0000;0.0000;1;1;1;1;44.18;
1;0;0;0;0;0;0;1;0;0;0;0;0.0000;0.0000;0.0000;0.0000;0.0000;0.0000;0.0000;0.0000;0.0000;0.0000;0.0000;0.0000;0.0000;0.0000;1;1;1;1;44.2;
1;0;0;0;0;0;0;1;0;0;0;0;0.0000;0.0000;0.0000;0.0000;0.0000;0.0000;0.0000;0.0000;0.0000;0.0000;0.0000;0.0000;0.0000;0.0000;1;1;1;1;44.24;
1;0;0;0;0;0;0;1;0;0;0;0;0.0000;0.0000;0.0000;0.0000;0.0000;0.0000;0.0000;0.0000;0.0000;0.0000;0.0000;0.0000;0.0000;0.0000;1;1;1;1;44.26;
1;0;0;0;0;0;0;1;0;0;0;0;0.0000;0.0000;0.0000;0.0000;0.0000;0.0000;0.0000;0.0000;0.0000;0.0000;0.0000;0.0000;0.0000;0.0000;1;1;1;1;44.28;
1;0;0;0;0;0;0;1;0;0;0;0;0.0000;0.0000;0.0000;0.0000;0.0000;0.0000;0.0000;0.0000;0.0000;0.0000;0.0000;0.0000;0.0000;0.0000;1;1;1;1;44.3;
1;0;0;0;0;0;0;1;0;0;0;0;0.0000;0.0000;0.0000;0.0000;0.0000;0.0000;0.0000;0.0000;0.0000;0.0000;0.0000;0.0000;0.0000;0.0000;1;1;1;1;44.32;
1;0;0;0;0;0;0;1;0;0;0;0;0.0000;0.0000;0.0000;0.0000;0.0000;0.0000;0.0000;0.0000;0.0000;0.0000;0.0000;0.0000;0.0000;0.0000;1;1;1;1;44.34;
1;0;0;0;0;0;0;1;0;0;0;0;0.0000;0.0000;0.0000;0.0000;0.0000;0.0000;0.0000;0.0000;0.0000;0.0000;0.0000;0.0000;0.0000;0.0000;1;1;1;1;44.36;
1;0;0;0;0;0;0;1;0;0;0;0;0.0000;0.0000;0.0000;0.0000;0.0000;0.0000;0.0000;0.0000;0.0000;0.0000;0.0000;0.0000;0.0000;0.0000;1;1;1;1;44.38;
1;0;0;0;0;0;0;1;0;0;0;0;0.0000;0.0000;0.0000;0.0000;0.0000;0.0000;0.0000;0.0000;0.0000;0.0000;0.0000;0.0000;0.0000;0.0000;1;1;1;1;44.4;
1;0;0;0;0;0;0;1;0;0;0;0;0.0000;0.0000;0.0000;0.0000;0.0000;0.0000;0.0000;0.0000;0.0000;0.0000;0.0000;0.0000;0.0000;0.0000;1;1;1;1;44.44;
1;0;0;0;0;0;0;1;0;0;0;0;0.0000;0.0000;0.0000;0.0000;0.0000;0.0000;0.0000;0.0000;0.0000;0.0000;0.0000;0.0000;0.0000;0.0000;1;1;1;1;44.46;
1;0;0;0;0;0;0;1;0;0;0;0;0.0000;0.0000;0.0000;0.0000;0.0000;0.0000;0.0000;0.0000;0.0000;0.0000;0.0000;0.0000;0.0000;0.0000;1;1;1;1;44.48;
1;0;0;0;0;0;0;1;0;0;0;0;0.0000;0.0000;0.0000;0.0000;0.0000;0.0000;0.0000;0.0000;0.0000;0.0000;0.0000;0.0000;0.0000;0.0000;1;1;1;1;44.5;
1;0;0;0;0;0;0;1;0;0;0;0;0.0000;0.0000;0.0000;0.0000;0.0000;0.0000;0.0000;0.0000;0.0000;0.0000;0.0000;0.0000;0.0000;0.0000;1;1;1;1;44.52;
1;0;0;0;0;0;0;1;0;0;0;0;0.0000;0.0000;0.0000;0.0000;0.0000;0.0000;0.0000;0.0000;0.0000;0.0000;0.0000;0.0000;0.0000;0.0000;1;1;1;1;44.54;
1;0;0;0;0;0;0;1;0;0;0;0;0.0000;0.0000;0.0000;0.0000;0.0000;0.0000;0.0000;0.0000;0.0000;0.0000;0.0000;0.0000;0.0000;0.0000;1;1;1;1;44.56;
1;0;0;0;0;0;0;1;0;0;0;0;0.0000;0.0000;0.0000;0.0000;0.0000;0.0000;0.0000;0.0000;0.0000;0.0000;0.0000;0.0000;0.0000;0.0000;1;1;1;1;44.58;
1;0;0;0;0;0;0;1;0;0;0;0;0.0000;0.0000;0.0000;0.0000;0.0000;0.0000;0.0000;0.0000;0.0000;0.0000;0.0000;0.0000;0.0000;0.0000;1;1;1;1;44.6;
1;0;0;0;0;0;0;1;0;0;0;0;0.0000;0.0000;0.0000;0.0000;0.0000;0.0000;0.0000;0.0000;0.0000;0.0000;0.0000;0.0000;0.0000;0.0000;1;1;1;1;44.62;
1;0;0;0;0;0;0;1;0;0;0;0;0.0000;0.0000;0.0000;0.0000;0.0000;0.0000;0.0000;0.0000;0.0000;0.0000;0.0000;0.0000;0.0000;0.0000;1;1;1;1;44.66;
1;0;0;0;0;0;0;1;0;0;0;0;0.0000;0.0000;0.0000;0.0000;0.0000;0.0000;0.0000;0.0000;0.0000;0.0000;0.0000;0.0000;0.0000;0.0000;1;1;1;1;44.7;
1;0;0;0;0;0;0;1;0;0;0;0;0.0000;0.0000;0.0000;0.0000;0.0000;0.0000;0.0000;0.0000;0.0000;0.0000;0.0000;0.0000;0.0000;0.0000;1;1;1;1;44.72;
1;0;0;0;0;0;0;1;0;0;0;0;0.0000;0.0000;0.0000;0.0000;0.0000;0.0000;0.0000;0.0000;0.0000;0.0000;0.0000;0.0000;0.0000;0.0000;1;1;1;1;44.74;
1;0;0;0;0;0;0;1;0;0;0;0;0.0000;0.0000;0.0000;0.0000;0.0000;0.0000;0.0000;0.0000;0.0000;0.0000;0.0000;0.0000;0.0000;0.0000;1;1;1;1;44.78;
1;0;0;0;0;0;0;1;0;0;0;0;0.0000;0.0000;0.0000;0.0000;0.0000;0.0000;0.0000;0.0000;0.0000;0.0000;0.0000;0.0000;0.0000;0.0000;1;1;1;1;44.82;
1;0;0;0;0;0;0;1;0;0;0;0;0.0000;0.0000;0.0000;0.0000;0.0000;0.0000;0.0000;0.0000;0.0000;0.0000;0.0000;0.0000;0.0000;0.0000;1;1;1;1;44.86;
1;0;0;0;0;0;0;1;0;0;0;0;0.0000;0.0000;0.0000;0.0000;0.0000;0.0000;0.0000;0.0000;0.0000;0.0000;0.0000;0.0000;0.0000;0.0000;1;1;1;1;44.94;
1;0;0;0;0;0;0;1;0;0;0;0;0.0000;0.0000;0.0000;0.0000;0.0000;0.0000;0.0000;0.0000;0.0000;0.0000;0.0000;0.0000;0.0000;0.0000;1;1;1;1;44.98;
1;0;0;0;0;0;0;1;0;0;0;0;0.0000;0.0000;0.0000;0.0000;0.0000;0.0000;0.0000;0.0000;0.0000;0.0000;0.0000;0.0000;0.0000;0.0000;1;1;1;1;45.0;
1;0;0;0;0;0;0;1;0;0;0;0;0.0000;0.0000;0.0000;0.0000;0.0000;0.0000;0.0000;0.0000;0.0000;0.0000;0.0000;0.0000;0.0000;0.0000;1;1;1;1;45.56;
1;0;0;0;0;0;0;1;0;0;0;0;0.0000;0.0000;0.0000;0.0000;0.0000;0.0000;0.0000;0.0000;0.0000;0.0000;0.0000;0.0000;0.0000;0.0000;1;1;1;1;45.64;
1;0;0;0;0;0;0;1;0;0;0;0;0.0000;0.0000;0.0000;0.0000;0.0000;0.0000;0.0000;0.0000;0.0000;0.0000;0.0000;0.0000;0.0000;0.0000;1;1;1;1;45.68;
1;0;0;0;0;0;0;1;0;0;0;0;0.0000;0.0000;0.0000;0.0000;0.0000;0.0000;0.0000;0.0000;0.0000;0.0000;0.0000;0.0000;0.0000;0.0000;1;1;1;1;45.72;
1;0;0;0;0;0;0;1;0;0;0;0;0.0000;0.0000;0.0000;0.0000;0.0000;0.0000;0.0000;0.0000;0.0000;0.0000;0.0000;0.0000;0.0000;0.0000;1;1;1;1;45.76;
1;0;0;0;0;0;0;1;0;0;0;0;0.0000;0.0000;0.0000;0.0000;0.0000;0.0000;0.0000;0.0000;0.0000;0.0000;0.0000;0.0000;0.0000;0.0000;1;1;1;1;45.8;
1;0;0;0;0;0;0;1;0;0;0;0;0.0000;0.0000;0.0000;0.0000;0.0000;0.0000;0.0000;0.0000;0.0000;0.0000;0.0000;0.0000;0.0000;0.0000;1;1;1;1;45.84;
1;0;0;0;0;0;0;1;0;0;0;0;0.0000;0.0000;0.0000;0.0000;0.0000;0.0000;0.0000;0.0000;0.0000;0.0000;0.0000;0.0000;0.0000;0.0000;1;1;1;1;45.88;
1;0;0;0;0;0;0;1;0;0;0;0;0.0000;0.0000;0.0000;0.0000;0.0000;0.0000;0.0000;0.0000;0.0000;0.0000;0.0000;0.0000;0.0000;0.0000;1;1;1;1;45.92;
1;0;0;0;0;0;0;1;0;0;0;0;0.0000;0.0000;0.0000;0.0000;0.0000;0.0000;0.0000;0.0000;0.0000;0.0000;0.0000;0.0000;0.0000;0.0000;1;1;1;1;45.96;
1;0;0;0;0;0;0;1;0;0;0;0;0.0000;0.0000;0.0000;0.0000;0.0000;0.0000;0.0000;0.0000;0.0000;0.0000;0.0000;0.0000;0.0000;0.0000;1;1;1;1;46.02;
1;0;0;0;0;0;0;1;0;0;0;0;0.0000;0.0000;0.0000;0.0000;0.0000;0.0000;0.0000;0.0000;0.0000;0.0000;0.0000;0.0000;0.0000;0.0000;1;1;1;1;46.04;
1;0;0;0;0;0;0;1;0;0;0;0;0.0000;0.0000;0.0000;0.0000;0.0000;0.0000;0.0000;0.0000;0.0000;0.0000;0.0000;0.0000;0.0000;0.0000;1;1;1;1;46.06;
1;0;0;0;0;0;0;1;0;0;0;0;0.0000;0.0000;0.0000;0.0000;0.0000;0.0000;0.0000;0.0000;0.0000;0.0000;0.0000;0.0000;0.0000;0.0000;1;1;1;1;46.08;
1;0;0;0;0;0;0;1;0;0;0;0;0.0000;0.0000;0.0000;0.0000;0.0000;0.0000;0.0000;0.0000;0.0000;0.0000;0.0000;0.0000;0.0000;0.0000;1;1;1;1;46.1;
1;0;0;0;0;0;0;1;0;0;0;0;0.0000;0.0000;0.0000;0.0000;0.0000;0.0000;0.0000;0.0000;0.0000;0.0000;0.0000;0.0000;0.0000;0.0000;1;1;1;1;46.12;
1;0;0;0;0;0;0;1;0;0;0;0;0.0000;0.0000;0.0000;0.0000;0.0000;0.0000;0.0000;0.0000;0.0000;0.0000;0.0000;0.0000;0.0000;0.0000;1;1;1;1;46.14;
1;0;0;0;0;0;0;1;0;0;0;0;0.0000;0.0000;0.0000;0.0000;0.0000;0.0000;0.0000;0.0000;0.0000;0.0000;0.0000;0.0000;0.0000;0.0000;1;1;1;1;46.16;
1;0;0;0;0;0;0;1;0;0;0;0;0.0000;0.0000;0.0000;0.0000;0.0000;0.0000;0.0000;0.0000;0.0000;0.0000;0.0000;0.0000;0.0000;0.0000;1;1;1;1;46.18;
1;0;0;0;0;0;0;1;0;0;0;0;0.0000;0.0000;0.0000;0.0000;0.0000;0.0000;0.0000;0.0000;0.0000;0.0000;0.0000;0.0000;0.0000;0.0000;1;1;1;1;46.2;
1;0;0;0;0;0;0;1;0;0;0;0;0.0000;0.0000;0.0000;0.0000;0.0000;0.0000;0.0000;0.0000;0.0000;0.0000;0.0000;0.0000;0.0000;0.0000;1;1;1;1;46.24;
1;0;0;0;0;0;0;1;0;0;0;0;0.0000;0.0000;0.0000;0.0000;0.0000;0.0000;0.0000;0.0000;0.0000;0.0000;0.0000;0.0000;0.0000;0.0000;1;1;1;1;46.26;
1;0;0;0;0;0;0;1;0;0;0;0;0.0000;0.0000;0.0000;0.0000;0.0000;0.0000;0.0000;0.0000;0.0000;0.0000;0.0000;0.0000;0.0000;0.0000;1;1;1;1;46.28;
1;0;0;0;0;0;0;1;0;0;0;0;0.0000;0.0000;0.0000;0.0000;0.0000;0.0000;0.0000;0.0000;0.0000;0.0000;0.0000;0.0000;0.0000;0.0000;1;1;1;1;46.3;
1;0;0;0;0;0;0;1;0;0;0;0;0.0000;0.0000;0.0000;0.0000;0.0000;0.0000;0.0000;0.0000;0.0000;0.0000;0.0000;0.0000;0.0000;0.0000;1;1;1;1;46.32;
1;0;0;0;0;0;0;1;0;0;0;0;0.0000;0.0000;0.0000;0.0000;0.0000;0.0000;0.0000;0.0000;0.0000;0.0000;0.0000;0.0000;0.0000;0.0000;1;1;1;1;46.34;
1;0;0;0;0;0;0;1;0;0;0;0;0.0000;0.0000;0.0000;0.0000;0.0000;0.0000;0.0000;0.0000;0.0000;0.0000;0.0000;0.0000;0.0000;0.0000;1;1;1;1;46.36;
1;0;0;0;0;0;0;1;0;0;0;0;0.0000;0.0000;0.0000;0.0000;0.0000;0.0000;0.0000;0.0000;0.0000;0.0000;0.0000;0.0000;0.0000;0.0000;1;1;1;1;46.38;
1;0;0;0;0;0;0;1;0;0;0;0;0.0000;0.0000;0.0000;0.0000;0.0000;0.0000;0.0000;0.0000;0.0000;0.0000;0.0000;0.0000;0.0000;0.0000;1;1;1;1;46.4;
1;0;0;0;0;0;0;1;0;0;0;0;0.0000;0.0000;0.0000;0.0000;0.0000;0.0000;0.0000;0.0000;0.0000;0.0000;0.0000;0.0000;0.0000;0.0000;1;1;1;1;46.42;
1;0;0;0;0;0;0;1;0;0;0;0;0.0000;0.0000;0.0000;0.0000;0.0000;0.0000;0.0000;0.0000;0.0000;0.0000;0.0000;0.0000;0.0000;0.0000;1;1;1;1;46.44;
1;0;0;0;0;0;0;1;0;0;0;0;0.0000;0.0000;0.0000;0.0000;0.0000;0.0000;0.0000;0.0000;0.0000;0.0000;0.0000;0.0000;0.0000;0.0000;1;1;1;1;46.46;
1;0;0;0;0;0;0;1;0;0;0;0;0.0000;0.0000;0.0000;0.0000;0.0000;0.0000;0.0000;0.0000;0.0000;0.0000;0.0000;0.0000;0.0000;0.0000;1;1;1;1;46.48;
1;0;0;0;0;0;0;1;0;0;0;0;0.0000;0.0000;0.0000;0.0000;0.0000;0.0000;0.0000;0.0000;0.0000;0.0000;0.0000;0.0000;0.0000;0.0000;1;1;1;1;46.5;
1;0;0;0;0;0;0;1;0;0;0;0;0.0000;0.0000;0.0000;0.0000;0.0000;0.0000;0.0000;0.0000;0.0000;0.0000;0.0000;0.0000;0.0000;0.0000;1;1;1;1;46.52;
1;0;0;0;0;0;0;1;0;0;0;0;0.0000;0.0000;0.0000;0.0000;0.0000;0.0000;0.0000;0.0000;0.0000;0.0000;0.0000;0.0000;0.0000;0.0000;1;1;1;1;46.54;
1;0;0;0;0;0;0;1;0;0;0;0;0.0000;0.0000;0.0000;0.0000;0.0000;0.0000;0.0000;0.0000;0.0000;0.0000;0.0000;0.0000;0.0000;0.0000;1;1;1;1;46.56;
1;0;0;0;0;0;0;1;0;0;0;0;0.0000;0.0000;0.0000;0.0000;0.0000;0.0000;0.0000;0.0000;0.0000;0.0000;0.0000;0.0000;0.0000;0.0000;1;1;1;1;46.58;
1;0;0;0;0;0;0;1;0;0;0;0;0.0000;0.0000;0.0000;0.0000;0.0000;0.0000;0.0000;0.0000;0.0000;0.0000;0.0000;0.0000;0.0000;0.0000;1;1;1;1;46.6;
1;0;0;0;0;0;0;1;0;0;0;0;0.0000;0.0000;0.0000;0.0000;0.0000;0.0000;0.0000;0.0000;0.0000;0.0000;0.0000;0.0000;0.0000;0.0000;1;1;1;1;46.62;
1;0;0;0;0;0;0;1;0;0;0;0;0.0000;0.0000;0.0000;0.0000;0.0000;0.0000;0.0000;0.0000;0.0000;0.0000;0.0000;0.0000;0.0000;0.0000;1;1;1;1;46.64;
1;0;0;0;0;0;0;1;0;0;0;0;0.0000;0.0000;0.0000;0.0000;0.0000;0.0000;0.0000;0.0000;0.0000;0.0000;0.0000;0.0000;0.0000;0.0000;1;1;1;1;46.66;
1;0;0;0;0;0;0;1;0;0;0;0;0.0000;0.0000;0.0000;0.0000;0.0000;0.0000;0.0000;0.0000;0.0000;0.0000;0.0000;0.0000;0.0000;0.0000;1;1;1;1;46.68;
1;0;0;0;0;0;0;1;0;0;0;0;0.0000;0.0000;0.0000;0.0000;0.0000;0.0000;0.0000;0.0000;0.0000;0.0000;0.0000;0.0000;0.0000;0.0000;1;1;1;1;46.7;
1;0;0;0;0;0;0;1;0;0;0;0;0.0000;0.0000;0.0000;0.0000;0.0000;0.0000;0.0000;0.0000;0.0000;0.0000;0.0000;0.0000;0.0000;0.0000;1;1;1;1;46.72;
1;0;0;0;0;0;0;1;0;0;0;0;0.0000;0.0000;0.0000;0.0000;0.0000;0.0000;0.0000;0.0000;0.0000;0.0000;0.0000;0.0000;0.0000;0.0000;1;1;1;1;46.74;
1;0;0;0;0;0;0;1;0;0;0;0;0.0000;0.0000;0.0000;0.0000;0.0000;0.0000;0.0000;0.0000;0.0000;0.0000;0.0000;0.0000;0.0000;0.0000;1;1;1;1;46.76;
1;0;0;0;0;0;0;1;0;0;0;0;0.0000;0.0000;0.0000;0.0000;0.0000;0.0000;0.0000;0.0000;0.0000;0.0000;0.0000;0.0000;0.0000;0.0000;1;1;1;1;46.78;
1;0;0;0;0;0;0;1;0;0;0;0;0.0000;0.0000;0.0000;0.0000;0.0000;0.0000;0.0000;0.0000;0.0000;0.0000;0.0000;0.0000;0.0000;0.0000;1;1;1;1;46.8;
1;0;0;0;0;0;0;1;0;0;0;0;0.0000;0.0000;0.0000;0.0000;0.0000;0.0000;0.0000;0.0000;0.0000;0.0000;0.0000;0.0000;0.0000;0.0000;1;1;1;1;46.82;
1;0;0;0;0;0;0;1;0;0;0;0;0.0000;0.0000;0.0000;0.0000;0.0000;0.0000;0.0000;0.0000;0.0000;0.0000;0.0000;0.0000;0.0000;0.0000;1;1;1;1;46.84;
1;0;0;0;0;0;0;1;0;0;0;0;0.0000;0.0000;0.0000;0.0000;0.0000;0.0000;0.0000;0.0000;0.0000;0.0000;0.0000;0.0000;0.0000;0.0000;1;1;1;1;46.86;
1;0;0;0;0;0;0;1;0;0;0;0;0.0000;0.0000;0.0000;0.0000;0.0000;0.0000;0.0000;0.0000;0.0000;0.0000;0.0000;0.0000;0.0000;0.0000;1;1;1;1;46.88;
1;0;0;0;0;0;0;1;0;0;0;0;0.0000;0.0000;0.0000;0.0000;0.0000;0.0000;0.0000;0.0000;0.0000;0.0000;0.0000;0.0000;0.0000;0.0000;1;1;1;1;46.9;
1;0;0;0;0;0;0;1;0;0;0;0;0.0000;0.0000;0.0000;0.0000;0.0000;0.0000;0.0000;0.0000;0.0000;0.0000;0.0000;0.0000;0.0000;0.0000;1;1;1;1;46.94;
1;0;0;0;0;0;0;1;0;0;0;0;0.0000;0.0000;0.0000;0.0000;0.0000;0.0000;0.0000;0.0000;0.0000;0.0000;0.0000;0.0000;0.0000;0.0000;1;1;1;1;46.96;
1;0;0;0;0;0;0;1;0;0;0;0;0.0000;0.0000;0.0000;0.0000;0.0000;0.0000;0.0000;0.0000;0.0000;0.0000;0.0000;0.0000;0.0000;0.0000;1;1;1;1;46.98;
1;0;0;0;0;0;0;1;0;0;0;0;0.0000;0.0000;0.0000;0.0000;0.0000;0.0000;0.0000;0.0000;0.0000;0.0000;0.0000;0.0000;0.0000;0.0000;1;1;1;1;47.04;
1;0;0;0;0;0;0;1;0;0;0;0;0.0000;0.0000;0.0000;0.0000;0.0000;0.0000;0.0000;0.0000;0.0000;0.0000;0.0000;0.0000;0.0000;0.0000;1;1;1;1;47.06;
1;0;0;0;0;0;0;1;0;0;0;0;0.0000;0.0000;0.0000;0.0000;0.0000;0.0000;0.0000;0.0000;0.0000;0.0000;0.0000;0.0000;0.0000;0.0000;1;1;1;1;47.08;
1;0;0;0;0;0;0;1;0;0;0;0;0.0000;0.0000;0.0000;0.0000;0.0000;0.0000;0.0000;0.0000;0.0000;0.0000;0.0000;0.0000;0.0000;0.0000;1;1;1;1;47.1;
1;0;0;0;0;0;0;1;0;0;0;0;0.0000;0.0000;0.0000;0.0000;0.0000;0.0000;0.0000;0.0000;0.0000;0.0000;0.0000;0.0000;0.0000;0.0000;1;1;1;1;47.12;
1;0;0;0;0;0;0;1;0;0;0;0;0.0000;0.0000;0.0000;0.0000;0.0000;0.0000;0.0000;0.0000;0.0000;0.0000;0.0000;0.0000;0.0000;0.0000;1;1;1;1;47.14;
1;0;0;0;0;0;0;1;0;0;0;0;0.0000;0.0000;0.0000;0.0000;0.0000;0.0000;0.0000;0.0000;0.0000;0.0000;0.0000;0.0000;0.0000;0.0000;1;1;1;1;47.16;
1;0;0;0;0;0;0;1;0;0;0;0;0.0000;0.0000;0.0000;0.0000;0.0000;0.0000;0.0000;0.0000;0.0000;0.0000;0.0000;0.0000;0.0000;0.0000;1;1;1;1;47.18;
1;0;0;0;0;0;0;1;0;0;0;0;0.0000;0.0000;0.0000;0.0000;0.0000;0.0000;0.0000;0.0000;0.0000;0.0000;0.0000;0.0000;0.0000;0.0000;1;1;1;1;47.2;
1;0;0;0;0;0;0;1;0;0;0;0;0.0000;0.0000;0.0000;0.0000;0.0000;0.0000;0.0000;0.0000;0.0000;0.0000;0.0000;0.0000;0.0000;0.0000;1;1;1;1;47.22;
1;0;0;0;0;0;0;1;0;0;0;0;0.0000;0.0000;0.0000;0.0000;0.0000;0.0000;0.0000;0.0000;0.0000;0.0000;0.0000;0.0000;0.0000;0.0000;1;1;1;1;47.24;
1;0;0;0;0;0;0;1;0;0;0;0;0.0000;0.0000;0.0000;0.0000;0.0000;0.0000;0.0000;0.0000;0.0000;0.0000;0.0000;0.0000;0.0000;0.0000;1;1;1;1;47.26;
1;0;0;0;0;0;0;1;0;0;0;0;0.0000;0.0000;0.0000;0.0000;0.0000;0.0000;0.0000;0.0000;0.0000;0.0000;0.0000;0.0000;0.0000;0.0000;1;1;1;1;47.28;
1;0;0;0;0;0;0;1;0;0;0;0;0.0000;0.0000;0.0000;0.0000;0.0000;0.0000;0.0000;0.0000;0.0000;0.0000;0.0000;0.0000;0.0000;0.0000;1;1;1;1;47.3;
1;0;0;0;0;0;0;1;0;0;0;0;0.0000;0.0000;0.0000;0.0000;0.0000;0.0000;0.0000;0.0000;0.0000;0.0000;0.0000;0.0000;0.0000;0.0000;1;1;1;1;47.32;
1;0;0;0;0;0;0;1;0;0;0;0;0.0000;0.0000;0.0000;0.0000;0.0000;0.0000;0.0000;0.0000;0.0000;0.0000;0.0000;0.0000;0.0000;0.0000;1;1;1;1;47.34;
1;0;0;0;0;0;0;1;0;0;0;0;0.0000;0.0000;0.0000;0.0000;0.0000;0.0000;0.0000;0.0000;0.0000;0.0000;0.0000;0.0000;0.0000;0.0000;1;1;1;1;47.36;
1;0;0;0;0;0;0;1;0;0;0;0;0.0000;0.0000;0.0000;0.0000;0.0000;0.0000;0.0000;0.0000;0.0000;0.0000;0.0000;0.0000;0.0000;0.0000;1;1;1;1;47.38;
1;0;0;0;0;0;0;1;0;0;0;0;0.0000;0.0000;0.0000;0.0000;0.0000;0.0000;0.0000;0.0000;0.0000;0.0000;0.0000;0.0000;0.0000;0.0000;1;1;1;1;47.4;
1;0;0;0;0;0;0;1;0;0;0;0;0.0000;0.0000;0.0000;0.0000;0.0000;0.0000;0.0000;0.0000;0.0000;0.0000;0.0000;0.0000;0.0000;0.0000;1;1;1;1;47.42;
1;0;0;0;0;0;0;1;0;0;0;0;0.0000;0.0000;0.0000;0.0000;0.0000;0.0000;0.0000;0.0000;0.0000;0.0000;0.0000;0.0000;0.0000;0.0000;1;1;1;1;47.44;
1;0;0;0;0;0;0;1;0;0;0;0;0.0000;0.0000;0.0000;0.0000;0.0000;0.0000;0.0000;0.0000;0.0000;0.0000;0.0000;0.0000;0.0000;0.0000;1;1;1;1;47.46;
1;0;0;0;0;0;0;1;0;0;0;0;0.0000;0.0000;0.0000;0.0000;0.0000;0.0000;0.0000;0.0000;0.0000;0.0000;0.0000;0.0000;0.0000;0.0000;1;1;1;1;47.48;
1;0;0;0;0;0;0;1;0;0;0;0;0.0000;0.0000;0.0000;0.0000;0.0000;0.0000;0.0000;0.0000;0.0000;0.0000;0.0000;0.0000;0.0000;0.0000;1;1;1;1;47.5;
1;0;0;0;0;0;0;1;0;0;0;0;0.0000;0.0000;0.0000;0.0000;0.0000;0.0000;0.0000;0.0000;0.0000;0.0000;0.0000;0.0000;0.0000;0.0000;1;1;1;1;47.52;
1;0;0;0;0;0;0;1;0;0;0;0;0.0000;0.0000;0.0000;0.0000;0.0000;0.0000;0.0000;0.0000;0.0000;0.0000;0.0000;0.0000;0.0000;0.0000;1;1;1;1;48.0;
1;0;0;0;0;0;0;1;0;0;0;0;0.0000;0.0000;0.0000;0.0000;0.0000;0.0000;0.0000;0.0000;0.0000;0.0000;0.0000;0.0000;0.0000;0.0000;1;1;1;1;48.04;
1;0;0;0;0;0;0;1;0;0;0;0;0.0000;0.0000;0.0000;0.0000;0.0000;0.0000;0.0000;0.0000;0.0000;0.0000;0.0000;0.0000;0.0000;0.0000;1;1;1;1;48.06;
1;0;0;0;0;0;0;1;0;0;0;0;0.0000;0.0000;0.0000;0.0000;0.0000;0.0000;0.0000;0.0000;0.0000;0.0000;0.0000;0.0000;0.0000;0.0000;1;1;1;1;48.08;
1;0;0;0;0;0;0;1;0;0;0;0;0.0000;0.0000;0.0000;0.0000;0.0000;0.0000;0.0000;0.0000;0.0000;0.0000;0.0000;0.0000;0.0000;0.0000;1;1;1;1;48.1;
1;0;0;0;0;0;0;1;0;0;0;0;0.0000;0.0000;0.0000;0.0000;0.0000;0.0000;0.0000;0.0000;0.0000;0.0000;0.0000;0.0000;0.0000;0.0000;1;1;1;1;48.12;
1;0;0;0;0;0;0;1;0;0;0;0;0.0000;0.0000;0.0000;0.0000;0.0000;0.0000;0.0000;0.0000;0.0000;0.0000;0.0000;0.0000;0.0000;0.0000;1;1;1;1;48.14;
1;0;0;0;0;0;0;1;0;0;0;0;0.0000;0.0000;0.0000;0.0000;0.0000;0.0000;0.0000;0.0000;0.0000;0.0000;0.0000;0.0000;0.0000;0.0000;1;1;1;1;48.16;
1;0;0;0;0;0;0;1;0;0;0;0;0.0000;0.0000;0.0000;0.0000;0.0000;0.0000;0.0000;0.0000;0.0000;0.0000;0.0000;0.0000;0.0000;0.0000;1;1;1;1;48.18;
1;0;0;0;0;0;0;1;0;0;0;0;0.0000;0.0000;0.0000;0.0000;0.0000;0.0000;0.0000;0.0000;0.0000;0.0000;0.0000;0.0000;0.0000;0.0000;1;1;1;1;48.2;
1;0;0;0;0;0;0;1;0;0;0;0;0.0000;0.0000;0.0000;0.0000;0.0000;0.0000;0.0000;0.0000;0.0000;0.0000;0.0000;0.0000;0.0000;0.0000;1;1;1;1;48.24;
1;0;0;0;0;0;0;1;0;0;0;0;0.0000;0.0000;0.0000;0.0000;0.0000;0.0000;0.0000;0.0000;0.0000;0.0000;0.0000;0.0000;0.0000;0.0000;1;1;1;1;48.26;
1;0;0;0;0;0;0;1;0;0;0;0;0.0000;0.0000;0.0000;0.0000;0.0000;0.0000;0.0000;0.0000;0.0000;0.0000;0.0000;0.0000;0.0000;0.0000;1;1;1;1;48.28;
1;0;0;0;0;0;0;1;0;0;0;0;0.0000;0.0000;0.0000;0.0000;0.0000;0.0000;0.0000;0.0000;0.0000;0.0000;0.0000;0.0000;0.0000;0.0000;1;1;1;1;48.3;
1;0;0;0;0;0;0;1;0;0;0;0;0.0000;0.0000;0.0000;0.0000;0.0000;0.0000;0.0000;0.0000;0.0000;0.0000;0.0000;0.0000;0.0000;0.0000;1;1;1;1;48.32;
1;0;0;0;0;0;0;1;0;0;0;0;0.0000;0.0000;0.0000;0.0000;0.0000;0.0000;0.0000;0.0000;0.0000;0.0000;0.0000;0.0000;0.0000;0.0000;1;1;1;1;48.34;
1;0;0;0;0;0;0;1;0;0;0;0;0.0000;0.0000;0.0000;0.0000;0.0000;0.0000;0.0000;0.0000;0.0000;0.0000;0.0000;0.0000;0.0000;0.0000;1;1;1;1;48.36;
1;0;0;0;0;0;0;1;0;0;0;0;0.0000;0.0000;0.0000;0.0000;0.0000;0.0000;0.0000;0.0000;0.0000;0.0000;0.0000;0.0000;0.0000;0.0000;1;1;1;1;48.38;
1;0;0;0;0;0;0;1;0;0;0;0;0.0000;0.0000;0.0000;0.0000;0.0000;0.0000;0.0000;0.0000;0.0000;0.0000;0.0000;0.0000;0.0000;0.0000;1;1;1;1;48.4;
1;0;0;0;0;0;0;1;0;0;0;0;0.0000;0.0000;0.0000;0.0000;0.0000;0.0000;0.0000;0.0000;0.0000;0.0000;0.0000;0.0000;0.0000;0.0000;1;1;1;1;48.42;
1;0;0;0;0;0;0;1;0;0;0;0;0.0000;0.0000;0.0000;0.0000;0.0000;0.0000;0.0000;0.0000;0.0000;0.0000;0.0000;0.0000;0.0000;0.0000;1;1;1;1;48.44;
1;0;0;0;0;0;0;1;0;0;0;0;0.0000;0.0000;0.0000;0.0000;0.0000;0.0000;0.0000;0.0000;0.0000;0.0000;0.0000;0.0000;0.0000;0.0000;1;1;1;1;48.46;
1;0;0;0;0;0;0;1;0;0;0;0;0.0000;0.0000;0.0000;0.0000;0.0000;0.0000;0.0000;0.0000;0.0000;0.0000;0.0000;0.0000;0.0000;0.0000;1;1;1;1;48.48;
1;0;0;0;0;0;0;1;0;0;0;0;0.0000;0.0000;0.0000;0.0000;0.0000;0.0000;0.0000;0.0000;0.0000;0.0000;0.0000;0.0000;0.0000;0.0000;1;1;1;1;48.5;
1;0;0;0;0;0;0;1;0;0;0;0;0.0000;0.0000;0.0000;0.0000;0.0000;0.0000;0.0000;0.0000;0.0000;0.0000;0.0000;0.0000;0.0000;0.0000;1;1;1;1;48.52;
1;0;0;0;0;0;0;1;0;0;0;0;0.0000;0.0000;0.0000;0.0000;0.0000;0.0000;0.0000;0.0000;0.0000;0.0000;0.0000;0.0000;0.0000;0.0000;1;1;1;1;48.54;
1;0;0;0;0;0;0;1;0;0;0;0;0.0000;0.0000;0.0000;0.0000;0.0000;0.0000;0.0000;0.0000;0.0000;0.0000;0.0000;0.0000;0.0000;0.0000;1;1;1;1;48.56;
1;0;0;0;0;0;0;1;0;0;0;0;0.0000;0.0000;0.0000;0.0000;0.0000;0.0000;0.0000;0.0000;0.0000;0.0000;0.0000;0.0000;0.0000;0.0000;1;1;1;1;48.58;
1;0;0;0;0;0;0;1;0;0;0;0;0.0000;0.0000;0.0000;0.0000;0.0000;0.0000;0.0000;0.0000;0.0000;0.0000;0.0000;0.0000;0.0000;0.0000;1;1;1;1;48.6;
1;0;0;0;0;0;0;1;0;0;0;0;0.0000;0.0000;0.0000;0.0000;0.0000;0.0000;0.0000;0.0000;0.0000;0.0000;0.0000;0.0000;0.0000;0.0000;1;1;1;1;48.62;
1;0;0;0;0;0;0;1;0;0;0;0;0.0000;0.0000;0.0000;0.0000;0.0000;0.0000;0.0000;0.0000;0.0000;0.0000;0.0000;0.0000;0.0000;0.0000;1;1;1;1;48.64;
1;0;0;0;0;0;0;1;0;0;0;0;0.0000;0.0000;0.0000;0.0000;0.0000;0.0000;0.0000;0.0000;0.0000;0.0000;0.0000;0.0000;0.0000;0.0000;1;1;1;1;48.66;
1;0;0;0;0;0;0;1;0;0;0;0;0.0000;0.0000;0.0000;0.0000;0.0000;0.0000;0.0000;0.0000;0.0000;0.0000;0.0000;0.0000;0.0000;0.0000;1;1;1;1;48.68;
1;0;0;0;0;0;0;1;0;0;0;0;0.0000;0.0000;0.0000;0.0000;0.0000;0.0000;0.0000;0.0000;0.0000;0.0000;0.0000;0.0000;0.0000;0.0000;1;1;1;1;48.7;
1;0;0;0;0;0;0;1;0;0;0;0;0.0000;0.0000;0.0000;0.0000;0.0000;0.0000;0.0000;0.0000;0.0000;0.0000;0.0000;0.0000;0.0000;0.0000;1;1;1;1;48.72;
1;0;0;0;0;0;0;1;0;0;0;0;0.0000;0.0000;0.0000;0.0000;0.0000;0.0000;0.0000;0.0000;0.0000;0.0000;0.0000;0.0000;0.0000;0.0000;1;1;1;1;48.74;
1;0;0;0;0;0;0;1;0;0;0;0;0.0000;0.0000;0.0000;0.0000;0.0000;0.0000;0.0000;0.0000;0.0000;0.0000;0.0000;0.0000;0.0000;0.0000;1;1;1;1;48.76;
1;0;0;0;0;0;0;1;0;0;0;0;0.0000;0.0000;0.0000;0.0000;0.0000;0.0000;0.0000;0.0000;0.0000;0.0000;0.0000;0.0000;0.0000;0.0000;1;1;1;1;48.78;
1;0;0;0;0;0;0;1;0;0;0;0;0.0000;0.0000;0.0000;0.0000;0.0000;0.0000;0.0000;0.0000;0.0000;0.0000;0.0000;0.0000;0.0000;0.0000;1;1;1;1;48.8;
1;0;0;0;0;0;0;1;0;0;0;0;0.0000;0.0000;0.0000;0.0000;0.0000;0.0000;0.0000;0.0000;0.0000;0.0000;0.0000;0.0000;0.0000;0.0000;1;1;1;1;48.82;
1;0;0;0;0;0;0;1;0;0;0;0;0.0000;0.0000;0.0000;0.0000;0.0000;0.0000;0.0000;0.0000;0.0000;0.0000;0.0000;0.0000;0.0000;0.0000;1;1;1;1;48.84;
1;0;0;0;0;0;0;1;0;0;0;0;0.0000;0.0000;0.0000;0.0000;0.0000;0.0000;0.0000;0.0000;0.0000;0.0000;0.0000;0.0000;0.0000;0.0000;1;1;1;1;48.86;
1;0;0;0;0;0;0;1;0;0;0;0;0.0000;0.0000;0.0000;0.0000;0.0000;0.0000;0.0000;0.0000;0.0000;0.0000;0.0000;0.0000;0.0000;0.0000;1;1;1;1;48.88;
1;0;0;0;0;0;0;1;0;0;0;0;0.0000;0.0000;0.0000;0.0000;0.0000;0.0000;0.0000;0.0000;0.0000;0.0000;0.0000;0.0000;0.0000;0.0000;1;1;1;1;48.9;
1;0;0;0;0;0;0;1;0;0;0;0;0.0000;0.0000;0.0000;0.0000;0.0000;0.0000;0.0000;0.0000;0.0000;0.0000;0.0000;0.0000;0.0000;0.0000;1;1;1;1;48.92;
1;0;0;0;0;0;0;1;0;0;0;0;0.0000;0.0000;0.0000;0.0000;0.0000;0.0000;0.0000;0.0000;0.0000;0.0000;0.0000;0.0000;0.0000;0.0000;1;1;1;1;48.94;
1;0;0;0;0;0;0;1;0;0;0;0;0.0000;0.0000;0.0000;0.0000;0.0000;0.0000;0.0000;0.0000;0.0000;0.0000;0.0000;0.0000;0.0000;0.0000;1;1;1;1;48.96;
1;0;0;0;0;0;0;1;0;0;0;0;0.0000;0.0000;0.0000;0.0000;0.0000;0.0000;0.0000;0.0000;0.0000;0.0000;0.0000;0.0000;0.0000;0.0000;1;1;1;1;49.0;
1;0;0;0;0;0;0;1;0;0;0;0;0.0000;0.0000;0.0000;0.0000;0.0000;0.0000;0.0000;0.0000;0.0000;0.0000;0.0000;0.0000;0.0000;0.0000;1;1;1;1;49.04;
1;0;0;0;0;0;0;1;0;0;0;0;0.0000;0.0000;0.0000;0.0000;0.0000;0.0000;0.0000;0.0000;0.0000;0.0000;0.0000;0.0000;0.0000;0.0000;1;1;1;1;49.06;
1;0;0;0;0;0;0;1;0;0;0;0;0.0000;0.0000;0.0000;0.0000;0.0000;0.0000;0.0000;0.0000;0.0000;0.0000;0.0000;0.0000;0.0000;0.0000;1;1;1;1;49.08;
1;0;0;0;0;0;0;1;0;0;0;0;0.0000;0.0000;0.0000;0.0000;0.0000;0.0000;0.0000;0.0000;0.0000;0.0000;0.0000;0.0000;0.0000;0.0000;1;1;1;1;49.1;
1;0;0;0;0;0;0;1;0;0;0;0;0.0000;0.0000;0.0000;0.0000;0.0000;0.0000;0.0000;0.0000;0.0000;0.0000;0.0000;0.0000;0.0000;0.0000;1;1;1;1;49.12;
1;0;0;0;0;0;0;1;0;0;0;0;0.0000;0.0000;0.0000;0.0000;0.0000;0.0000;0.0000;0.0000;0.0000;0.0000;0.0000;0.0000;0.0000;0.0000;1;1;1;1;49.14;
1;0;0;0;0;0;0;1;0;0;0;0;0.0000;0.0000;0.0000;0.0000;0.0000;0.0000;0.0000;0.0000;0.0000;0.0000;0.0000;0.0000;0.0000;0.0000;1;1;1;1;49.16;
1;0;0;0;0;0;0;1;0;0;0;0;0.0000;0.0000;0.0000;0.0000;0.0000;0.0000;0.0000;0.0000;0.0000;0.0000;0.0000;0.0000;0.0000;0.0000;1;1;1;1;49.18;
1;0;0;0;0;0;0;1;0;0;0;0;0.0000;0.0000;0.0000;0.0000;0.0000;0.0000;0.0000;0.0000;0.0000;0.0000;0.0000;0.0000;0.0000;0.0000;1;1;1;1;49.2;
1;0;0;0;0;0;0;1;0;0;0;0;0.0000;0.0000;0.0000;0.0000;0.0000;0.0000;0.0000;0.0000;0.0000;0.0000;0.0000;0.0000;0.0000;0.0000;1;1;1;1;49.22;
1;0;0;0;0;0;0;1;0;0;0;0;0.0000;0.0000;0.0000;0.0000;0.0000;0.0000;0.0000;0.0000;0.0000;0.0000;0.0000;0.0000;0.0000;0.0000;1;1;1;1;49.24;
1;0;0;0;0;0;0;1;0;0;0;0;0.0000;0.0000;0.0000;0.0000;0.0000;0.0000;0.0000;0.0000;0.0000;0.0000;0.0000;0.0000;0.0000;0.0000;1;1;1;1;49.26;
1;0;0;0;0;0;0;1;0;0;0;0;0.0000;0.0000;0.0000;0.0000;0.0000;0.0000;0.0000;0.0000;0.0000;0.0000;0.0000;0.0000;0.0000;0.0000;1;1;1;1;49.28;
1;0;0;0;0;0;0;1;0;0;0;0;0.0000;0.0000;0.0000;0.0000;0.0000;0.0000;0.0000;0.0000;0.0000;0.0000;0.0000;0.0000;0.0000;0.0000;1;1;1;1;49.3;
1;0;0;0;0;0;0;1;0;0;0;0;0.0000;0.0000;0.0000;0.0000;0.0000;0.0000;0.0000;0.0000;0.0000;0.0000;0.0000;0.0000;0.0000;0.0000;1;1;1;1;49.32;
1;0;0;0;0;0;0;1;0;0;0;0;0.0000;0.0000;0.0000;0.0000;0.0000;0.0000;0.0000;0.0000;0.0000;0.0000;0.0000;0.0000;0.0000;0.0000;1;1;1;1;49.34;
1;0;0;0;0;0;0;1;0;0;0;0;0.0000;0.0000;0.0000;0.0000;0.0000;0.0000;0.0000;0.0000;0.0000;0.0000;0.0000;0.0000;0.0000;0.0000;1;1;1;1;49.36;
1;0;0;0;0;0;0;1;0;0;0;0;0.0000;0.0000;0.0000;0.0000;0.0000;0.0000;0.0000;0.0000;0.0000;0.0000;0.0000;0.0000;0.0000;0.0000;1;1;1;1;49.38;
1;0;0;0;0;0;0;1;0;0;0;0;0.0000;0.0000;0.0000;0.0000;0.0000;0.0000;0.0000;0.0000;0.0000;0.0000;0.0000;0.0000;0.0000;0.0000;1;1;1;1;49.4;
1;0;0;0;0;0;0;1;0;0;0;0;0.0000;0.0000;0.0000;0.0000;0.0000;0.0000;0.0000;0.0000;0.0000;0.0000;0.0000;0.0000;0.0000;0.0000;1;1;1;1;49.42;
1;0;0;0;0;0;0;1;0;0;0;0;0.0000;0.0000;0.0000;0.0000;0.0000;0.0000;0.0000;0.0000;0.0000;0.0000;0.0000;0.0000;0.0000;0.0000;1;1;1;1;49.44;
1;0;0;0;0;0;0;1;0;0;0;0;0.0000;0.0000;0.0000;0.0000;0.0000;0.0000;0.0000;0.0000;0.0000;0.0000;0.0000;0.0000;0.0000;0.0000;1;1;1;1;49.46;
1;0;0;0;0;0;0;1;0;0;0;0;0.0000;0.0000;0.0000;0.0000;0.0000;0.0000;0.0000;0.0000;0.0000;0.0000;0.0000;0.0000;0.0000;0.0000;1;1;1;1;49.48;
1;0;0;0;0;0;0;1;0;0;0;0;0.0000;0.0000;0.0000;0.0000;0.0000;0.0000;0.0000;0.0000;0.0000;0.0000;0.0000;0.0000;0.0000;0.0000;1;1;1;1;49.5;
1;0;0;0;0;0;0;1;0;0;0;0;0.0000;0.0000;0.0000;0.0000;0.0000;0.0000;0.0000;0.0000;0.0000;0.0000;0.0000;0.0000;0.0000;0.0000;1;1;1;1;49.52;
1;0;0;0;0;0;0;1;0;0;0;0;0.0000;0.0000;0.0000;0.0000;0.0000;0.0000;0.0000;0.0000;0.0000;0.0000;0.0000;0.0000;0.0000;0.0000;1;1;1;1;49.54;
1;0;0;0;0;0;0;1;0;0;0;0;0.0000;0.0000;0.0000;0.0000;0.0000;0.0000;0.0000;0.0000;0.0000;0.0000;0.0000;0.0000;0.0000;0.0000;1;1;1;1;49.56;
1;0;0;0;0;0;0;1;0;0;0;0;0.0000;0.0000;0.0000;0.0000;0.0000;0.0000;0.0000;0.0000;0.0000;0.0000;0.0000;0.0000;0.0000;0.0000;1;1;1;1;49.58;
1;0;0;0;0;0;0;1;0;0;0;0;0.0000;0.0000;0.0000;0.0000;0.0000;0.0000;0.0000;0.0000;0.0000;0.0000;0.0000;0.0000;0.0000;0.0000;1;1;1;1;49.6;
1;0;0;0;0;0;0;1;0;0;0;0;0.0000;0.0000;0.0000;0.0000;0.0000;0.0000;0.0000;0.0000;0.0000;0.0000;0.0000;0.0000;0.0000;0.0000;1;1;1;1;49.64;
1;0;0;0;0;0;0;1;0;0;0;0;0.0000;0.0000;0.0000;0.0000;0.0000;0.0000;0.0000;0.0000;0.0000;0.0000;0.0000;0.0000;0.0000;0.0000;1;1;1;1;49.72;
1;0;0;0;0;0;0;1;0;0;0;0;0.0000;0.0000;0.0000;0.0000;0.0000;0.0000;0.0000;0.0000;0.0000;0.0000;0.0000;0.0000;0.0000;0.0000;1;1;1;1;49.76;
1;0;0;0;0;0;0;1;0;0;0;0;0.0000;0.0000;0.0000;0.0000;0.0000;0.0000;0.0000;0.0000;0.0000;0.0000;0.0000;0.0000;0.0000;0.0000;1;1;1;1;49.8;
1;0;0;0;0;0;0;1;0;0;0;0;0.0000;0.0000;0.0000;0.0000;0.0000;0.0000;0.0000;0.0000;0.0000;0.0000;0.0000;0.0000;0.0000;0.0000;1;1;1;1;49.84;
1;0;0;0;0;0;0;1;0;0;0;0;0.0000;0.0000;0.0000;0.0000;0.0000;0.0000;0.0000;0.0000;0.0000;0.0000;0.0000;0.0000;0.0000;0.0000;1;1;1;1;49.92;
1;0;0;0;0;0;0;1;0;0;0;0;0.0000;0.0000;0.0000;0.0000;0.0000;0.0000;0.0000;0.0000;0.0000;0.0000;0.0000;0.0000;0.0000;0.0000;1;1;1;1;49.96;
1;0;0;0;0;0;0;1;0;0;0;0;0.0000;0.0000;0.0000;0.0000;0.0000;0.0000;0.0000;0.0000;0.0000;0.0000;0.0000;0.0000;0.0000;0.0000;1;1;1;1;50.0;
1;0;0;0;0;0;0;1;0;0;0;0;0.0000;0.0000;0.0000;0.0000;0.0000;0.0000;0.0000;0.0000;0.0000;0.0000;0.0000;0.0000;0.0000;0.0000;1;1;1;1;50.02;
1;0;0;0;0;0;0;1;0;0;0;0;0.0000;0.0000;0.0000;0.0000;0.0000;0.0000;0.0000;0.0000;0.0000;0.0000;0.0000;0.0000;0.0000;0.0000;1;1;1;1;50.04;
1;0;0;0;0;0;0;1;0;0;0;0;0.0000;0.0000;0.0000;0.0000;0.0000;0.0000;0.0000;0.0000;0.0000;0.0000;0.0000;0.0000;0.0000;0.0000;1;1;1;1;50.08;
1;0;0;0;0;0;0;1;0;0;0;0;0.0000;0.0000;0.0000;0.0000;0.0000;0.0000;0.0000;0.0000;0.0000;0.0000;0.0000;0.0000;0.0000;0.0000;1;1;1;1;50.14;
1;0;0;0;0;0;0;1;0;0;0;0;0.0000;0.0000;0.0000;0.0000;0.0000;0.0000;0.0000;0.0000;0.0000;0.0000;0.0000;0.0000;0.0000;0.0000;1;1;1;1;50.16;
1;0;0;0;0;0;0;1;0;0;0;0;0.0000;0.0000;0.0000;0.0000;0.0000;0.0000;0.0000;0.0000;0.0000;0.0000;0.0000;0.0000;0.0000;0.0000;1;1;1;1;50.2;
1;0;0;0;0;0;0;1;0;0;0;0;0.0000;0.0000;0.0000;0.0000;0.0000;0.0000;0.0000;0.0000;0.0000;0.0000;0.0000;0.0000;0.0000;0.0000;1;1;1;1;50.28;
1;0;0;0;0;0;0;1;0;0;0;0;0.0000;0.0000;0.0000;0.0000;0.0000;0.0000;0.0000;0.0000;0.0000;0.0000;0.0000;0.0000;0.0000;0.0000;1;1;1;1;50.32;
1;0;0;0;0;0;0;1;0;0;0;0;0.0000;0.0000;0.0000;0.0000;0.0000;0.0000;0.0000;0.0000;0.0000;0.0000;0.0000;0.0000;0.0000;0.0000;1;1;1;1;50.4;
1;0;0;0;0;0;0;1;0;0;0;0;0.0000;0.0000;0.0000;0.0000;0.0000;0.0000;0.0000;0.0000;0.0000;0.0000;0.0000;0.0000;0.0000;0.0000;1;1;1;1;50.44;
1;0;0;0;0;0;0;1;0;0;0;0;0.0000;0.0000;0.0000;0.0000;0.0000;0.0000;0.0000;0.0000;0.0000;0.0000;0.0000;0.0000;0.0000;0.0000;1;1;1;1;50.48;
1;0;0;0;0;0;0;1;0;0;0;0;0.0000;0.0000;0.0000;0.0000;0.0000;0.0000;0.0000;0.0000;0.0000;0.0000;0.0000;0.0000;0.0000;0.0000;1;1;1;1;50.52;
1;0;0;0;0;0;0;1;0;0;0;0;0.0000;0.0000;0.0000;0.0000;0.0000;0.0000;0.0000;0.0000;0.0000;0.0000;0.0000;0.0000;0.0000;0.0000;1;1;1;1;50.6;
1;0;0;0;0;0;0;1;0;0;0;0;0.0000;0.0000;0.0000;0.0000;0.0000;0.0000;0.0000;0.0000;0.0000;0.0000;0.0000;0.0000;0.0000;0.0000;1;1;1;1;50.64;
1;0;0;0;0;0;0;1;0;0;0;0;8.7266;8.7266;0.0000;0.0000;0.0000;0.9951;0.9951;0.9951;0.9951;0.0000;0.0000;0.0000;0.0000;0.0000;1;1;1;1;50.7;
1;0;0;0;0;0;0;1;0;0;0;0;0.0000;0.0000;0.0000;0.0000;0.0000;0.9951;0.9951;0.9951;0.9951;0.0000;0.0000;0.0000;0.0000;0.0000;1;1;1;1;50.72;
1;0;0;0;0;0;0;1;0;0;0;0;0.0000;0.0000;0.0000;0.0000;0.0000;1.9973;1.9973;1.9973;1.9973;0.0000;0.0000;0.0000;0.0000;0.0000;1;1;1;1;50.74;
1;0;0;0;0;0;0;1;0;0;0;0;0.0000;0.0000;0.0000;0.0000;0.0000;1.9973;1.9973;1.9973;1.9973;0.0000;0.0000;0.0000;0.0000;0.0000;1;1;1;1;50.78;
1;0;0;0;0;0;0;1;0;0;0;0;0.0000;0.0000;0.0000;0.0000;0.0000;2.9995;2.9995;2.9995;2.9995;0.0000;0.0000;0.0000;0.0000;0.0000;1;1;1;1;50.8;
1;0;0;0;0;0;0;1;0;0;0;0;0.0000;0.0000;0.0000;0.0000;0.0000;4.9968;4.9968;4.9968;4.9968;0.0000;0.0000;0.0000;0.0000;0.0000;1;1;1;1;50.94;
1;0;0;0;0;0;0;1;0;0;0;0;0.0000;0.0000;0.0000;8.7266;0.0000;4.9968;4.9968;4.9968;4.9968;0.0000;0.0000;0.0000;0.0000;0.0000;1;1;1;1;50.96;
1;0;0;0;0;0;0;1;0;0;0;0;0.0000;8.7266;8.7266;8.7266;0.0000;4.9968;4.9968;4.9968;4.9968;0.0000;0.0000;0.0000;0.0000;0.0000;1;1;1;1;51.0;
1;0;0;0;0;0;0;1;0;0;0;0;8.7266;8.7266;0.0000;0.0000;0.0000;5.9991;5.9991;5.9991;5.9991;0.0000;0.0000;0.0000;0.0000;0.0000;1;1;1;1;51.02;
1;0;0;0;0;0;0;1;0;0;0;0;8.7266;8.7266;8.7266;8.7266;0.0000;5.9991;5.9991;5.9991;5.9991;0.0000;0.0000;0.0000;0.0000;0.0000;1;1;1;1;51.06;
1;0;0;0;0;0;0;1;0;0;0;0;0.0000;8.7266;8.7266;0.0000;0.0000;6.9941;6.9941;6.9941;6.9941;0.0000;0.0000;0.0000;0.0000;0.0000;1;1;1;1;51.08;
1;0;0;0;0;0;0;1;0;0;0;0;8.7266;8.7266;8.7266;8.7266;0.0000;6.9941;6.9941;6.9941;6.9941;0.0000;0.0000;0.0000;0.0000;0.0000;1;1;1;1;51.12;
1;0;0;0;0;0;0;1;0;0;0;0;8.7266;8.7266;0.0000;8.7266;0.0000;7.9964;7.9964;7.9964;7.9964;0.0000;0.0000;0.0000;0.0000;0.0000;1;1;1;1;51.16;
1;0;0;0;0;0;0;1;0;0;0;0;8.7266;0.0000;8.7266;8.7266;0.0000;7.9964;7.9964;7.9964;7.9964;0.0000;0.0000;0.0000;0.0000;0.0000;1;1;1;1;51.2;
1;0;0;0;0;0;0;1;0;0;0;0;8.7266;8.7266;17.4531;8.7266;0.0000;9.9937;9.9937;9.9937;9.9937;0.0000;0.0000;0.0000;0.0000;0.0000;1;1;1;1;51.28;
1;0;0;0;0;0;0;1;0;0;0;0;8.7266;8.7266;8.7266;8.7266;0.0000;10.9959;10.9959;10.9959;10.9959;0.0000;0.0000;0.0000;0.0000;0.0000;1;1;1;1;51.34;
1;0;0;0;0;0;0;1;0;0;0;0;8.7266;8.7266;8.7266;8.7266;0.0000;11.9981;11.9981;11.9981;11.9981;0.0000;0.0000;0.0000;0.0000;0.0000;1;1;1;1;51.4;
1;0;0;0;0;0;0;1;0;0;0;0;8.7266;8.7266;8.7266;8.7266;0.0000;11.9981;11.9981;11.9981;11.9981;0.0000;0.0000;0.0000;0.0000;0.0000;1;1;1;1;51.46;
1;0;0;0;0;0;0;1;0;0;0;0;17.4531;8.7266;17.4531;17.4531;0.0000;12.9932;12.9932;12.9932;12.9932;0.0000;0.0000;0.0000;0.0000;0.0000;1;1;1;1;51.48;
1;0;0;0;0;0;0;1;0;0;0;0;8.7266;17.4531;8.7266;8.7266;0.0000;13.9954;13.9954;13.9954;13.9954;0.0000;0.0000;0.0000;0.0000;0.0000;1;1;1;1;51.54;
1;0;0;0;0;0;0;1;0;0;0;0;17.4531;17.4531;17.4531;8.7266;0.0000;13.9954;13.9954;13.9954;13.9954;0.0000;0.0000;0.0000;0.0000;0.0000;1;1;1;1;51.56;
1;0;0;0;0;0;0;1;0;0;0;0;26.1797;8.7266;17.4531;17.4531;0.0000;15.9999;15.9999;15.9999;15.9999;0.0000;0.0000;0.0000;0.0000;0.0000;1;1;1;1;51.7;
1;0;0;0;0;0;0;1;0;0;0;0;17.4531;17.4531;8.7266;17.4531;0.0000;15.9999;15.9999;15.9999;15.9999;0.0000;0.0000;0.0000;0.0000;0.0000;1;1;1;1;51.72;
1;0;0;0;0;0;0;1;0;0;0;0;17.4531;17.4531;17.4531;17.4531;0.0000;16.9950;16.9950;16.9950;16.9950;0.0000;0.0000;0.0000;0.0000;0.0000;1;1;1;1;51.74;
1;0;0;0;0;0;0;1;0;0;0;0;17.4531;17.4531;17.4531;8.7266;0.0000;16.9950;16.9950;16.9950;16.9950;0.0000;0.0000;0.0000;0.0000;0.0000;1;1;1;1;51.78;
1;0;0;0;0;0;0;1;0;0;0;0;17.4531;17.4531;17.4531;17.4531;0.0000;17.9972;17.9972;17.9972;17.9972;0.0000;0.0000;0.0000;0.0000;0.0000;1;1;1;1;51.84;
1;0;0;0;0;0;0;1;0;0;0;0;26.1797;17.4531;17.4531;26.1797;0.0000;18.9994;18.9994;18.9994;18.9994;0.0000;0.0000;0.0000;0.0000;0.0000;1;1;1;1;51.92;
1;0;0;0;0;0;0;1;0;0;0;0;17.4531;17.4531;17.4531;26.1797;0.0000;20.9968;20.9968;20.9968;20.9968;0.0000;0.0000;0.0000;0.0000;0.0000;1;1;1;1;52.04;
1;0;0;0;0;0;0;1;0;0;0;0;17.4531;17.4531;17.4531;26.1797;0.0000;21.9990;21.9990;21.9990;21.9990;0.0000;0.0000;0.0000;0.0000;0.0000;1;1;1;1;52.06;
1;0;0;0;0;0;0;1;0;0;0;0;17.4531;26.1797;17.4531;26.1797;0.0000;22.9941;22.9941;22.9941;22.9941;0.0000;0.0000;0.0000;0.0000;0.0000;1;1;1;1;52.16;
1;0;0;0;0;0;0;1;0;0;0;0;26.1797;26.1797;26.1797;26.1797;0.0000;22.9941;22.9941;22.9941;22.9941;0.0000;0.0000;0.0000;0.0000;0.0000;1;1;1;1;52.18;
1;0;0;0;0;0;0;1;0;0;0;0;26.1797;17.4531;26.1797;26.1797;0.0000;23.9963;23.9963;23.9963;23.9963;0.0000;0.0000;0.0000;0.0000;0.0000;1;1;1;1;52.2;
1;0;0;0;0;0;0;1;0;0;0;0;26.1797;26.1797;17.4531;17.4531;0.0000;23.9963;23.9963;23.9963;23.9963;0.0000;0.0000;0.0000;0.0000;0.0000;1;1;1;1;52.24;
1;0;0;0;0;0;0;1;0;0;0;0;34.9063;26.1797;26.1797;26.1797;0.0000;24.9985;24.9985;24.9985;24.9985;0.0000;0.0000;0.0000;0.0000;0.0000;1;1;1;1;52.28;
1;0;0;0;0;0;0;1;0;0;0;0;26.1797;26.1797;26.1797;26.1797;0.0000;24.9985;24.9985;24.9985;24.9985;0.0000;0.0000;0.0000;0.0000;0.0000;1;1;1;1;52.3;
1;0;0;0;0;0;0;1;0;0;0;0;26.1797;17.4531;34.9063;17.4531;0.0000;26.9958;26.9958;26.9958;26.9958;0.0000;0.0000;0.0000;0.0000;0.0000;1;1;1;1;52.4;
1;0;0;0;0;0;0;1;0;0;0;0;26.1797;26.1797;34.9063;26.1797;0.0000;26.9958;26.9958;26.9958;26.9958;0.0000;0.0000;0.0000;0.0000;0.0000;1;1;1;1;52.42;
1;0;0;0;0;0;0;1;0;0;0;0;26.1797;17.4531;26.1797;26.1797;0.0000;26.9958;26.9958;26.9958;26.9958;0.0000;0.0000;0.0000;0.0000;0.0000;1;1;1;1;52.46;
1;0;0;0;0;0;0;1;0;0;0;0;26.1797;34.9063;26.1797;26.1797;0.0000;27.9981;27.9981;27.9981;27.9981;0.0000;0.0000;0.0000;0.0000;0.0000;1;1;1;1;52.5;
1;0;0;0;0;0;0;1;0;0;0;0;26.1797;26.1797;34.9063;34.9063;0.0000;27.9981;27.9981;27.9981;27.9981;0.0000;0.0000;0.0000;0.0000;0.0000;1;1;1;1;52.52;
1;0;0;0;0;0;0;1;0;0;0;0;26.1797;34.9063;26.1797;34.9063;0.0000;29.9954;29.9954;29.9954;29.9954;0.0000;0.0000;0.0000;0.0000;0.0000;1;1;1;1;52.7;
1;0;0;0;0;0;0;1;0;0;0;0;26.1797;34.9063;34.9063;34.9063;0.0000;29.9954;29.9954;29.9954;29.9954;0.0000;0.0000;0.0000;0.0000;0.0000;1;1;1;1;52.74;
1;0;0;0;0;0;0;1;0;0;0;0;26.1797;26.1797;34.9063;26.1797;0.0000;29.9954;29.9954;29.9954;29.9954;0.0000;0.0000;0.0000;0.0000;0.0000;1;1;1;1;52.8;
1;0;0;0;0;0;0;1;0;0;0;0;34.9063;34.9063;34.9063;26.1797;0.0000;29.9954;29.9954;29.9954;29.9954;0.0000;0.0000;0.0000;0.0000;0.0000;1;1;1;1;52.84;
1;0;0;0;0;0;0;1;0;0;0;0;34.9063;26.1797;26.1797;26.1797;0.0000;29.9954;29.9954;29.9954;29.9954;0.0000;0.0000;0.0000;0.0000;0.0000;1;1;1;1;52.86;
1;0;0;0;0;0;0;1;0;0;0;0;34.9063;34.9063;26.1797;26.1797;0.0000;29.9954;29.9954;29.9954;29.9954;0.0000;0.0000;0.0000;0.0000;0.0000;1;1;1;1;52.88;
1;0;0;0;0;0;0;1;0;0;0;0;26.1797;26.1797;26.1797;26.1797;0.0000;29.9954;29.9954;29.9954;29.9954;0.0000;0.0000;0.0000;0.0000;0.0000;1;1;1;1;52.96;
1;0;0;0;0;0;0;1;0;0;0;0;34.9063;34.9063;26.1797;26.1797;0.0000;29.9954;29.9954;29.9954;29.9954;0.0000;0.0000;0.0000;0.0000;0.0000;1;1;1;1;53.02;
1;0;0;0;0;0;0;1;0;0;0;0;26.1797;26.1797;26.1797;26.1797;0.0000;29.9954;29.9954;29.9954;29.9954;0.0000;0.0000;0.0000;0.0000;0.0000;1;1;1;1;53.06;
1;0;0;0;0;0;0;1;0;0;0;0;34.9063;26.1797;26.1797;34.9063;0.0000;29.9954;29.9954;29.9954;29.9954;0.0000;0.0000;0.0000;0.0000;0.0000;1;1;1;1;53.08;
1;0;0;0;0;0;0;1;0;0;0;0;34.9063;34.9063;26.1797;34.9063;0.0000;29.9954;29.9954;29.9954;29.9954;0.0000;0.0000;0.0000;0.0000;0.0000;1;1;1;1;53.14;
1;0;0;0;0;0;0;1;0;0;0;0;26.1797;26.1797;26.1797;34.9063;0.0000;29.9954;29.9954;29.9954;29.9954;0.0000;0.0000;0.0000;0.0000;0.0000;1;1;1;1;53.18;
1;0;0;0;0;0;0;1;0;0;0;0;26.1797;26.1797;34.9063;26.1797;0.0000;29.9954;29.9954;29.9954;29.9954;0.0000;0.0000;0.0000;0.0000;0.0000;1;1;1;1;53.2;
1;0;0;0;0;0;0;1;0;0;0;0;26.1797;34.9063;34.9063;34.9063;0.0000;29.9954;29.9954;29.9954;29.9954;0.0000;0.0000;0.0000;0.0000;0.0000;1;1;1;1;53.22;
1;0;0;0;0;0;0;1;0;0;0;0;26.1797;26.1797;34.9063;34.9063;0.0000;29.9954;29.9954;29.9954;29.9954;0.0000;0.0000;0.0000;0.0000;0.0000;1;1;1;1;53.28;
1;0;0;0;0;0;0;1;0;0;0;0;26.1797;26.1797;34.9063;26.1797;0.0000;29.9954;29.9954;29.9954;29.9954;0.0000;0.0000;0.0000;0.0000;0.0000;1;1;1;1;53.34;
1;0;0;0;0;0;0;1;0;0;0;0;26.1797;26.1797;26.1797;26.1797;0.0000;29.9954;29.9954;29.9954;29.9954;0.0000;0.0000;0.0000;0.0000;0.0000;1;1;1;1;53.36;
1;0;0;0;0;0;0;1;0;0;0;0;26.1797;34.9063;26.1797;34.9063;0.0000;29.9954;29.9954;29.9954;29.9954;0.0000;0.0000;0.0000;0.0000;0.0000;1;1;1;1;53.38;
1;0;0;0;0;0;0;1;0;0;0;0;26.1797;26.1797;26.1797;34.9063;0.0000;29.9954;29.9954;29.9954;29.9954;0.0000;0.0000;0.0000;0.0000;0.0000;1;1;1;1;53.4;
1;0;0;0;0;0;0;1;0;0;0;0;26.1797;34.9063;26.1797;34.9063;0.0000;29.9954;29.9954;29.9954;29.9954;0.0000;0.0000;0.0000;0.0000;0.0000;1;1;1;1;53.42;
1;0;0;0;0;0;0;1;0;0;0;0;26.1797;34.9063;26.1797;34.9063;0.0000;29.9954;29.9954;29.9954;29.9954;0.0000;0.0000;0.0000;0.0000;0.0000;1;1;1;1;53.44;
1;0;0;0;0;0;0;1;0;0;0;0;26.1797;34.9063;26.1797;34.9063;0.0000;29.9954;29.9954;29.9954;29.9954;0.0000;0.0000;0.0000;0.0000;0.0000;1;1;1;1;53.46;
1;0;0;0;0;0;0;1;0;0;0;0;34.9063;26.1797;26.1797;26.1797;0.0000;29.9954;29.9954;29.9954;29.9954;0.0000;0.0000;0.0000;0.0000;0.0000;1;1;1;1;53.48;
1;0;0;0;0;0;0;1;0;0;0;0;26.1797;26.1797;26.1797;34.9063;0.0000;29.9954;29.9954;29.9954;29.9954;0.0000;0.0000;0.0000;0.0000;0.0000;1;1;1;1;53.5;
1;0;0;0;0;0;0;1;0;0;0;0;26.1797;34.9063;26.1797;26.1797;0.0000;29.9954;29.9954;29.9954;29.9954;0.0000;0.0000;0.0000;0.0000;0.0000;1;1;1;1;53.52;
1;0;0;0;0;0;0;1;0;0;0;0;26.1797;34.9063;34.9063;26.1797;0.0000;29.9954;29.9954;29.9954;29.9954;0.0000;0.0000;0.0000;0.0000;0.0000;1;1;1;1;53.54;
1;0;0;0;0;0;0;1;0;0;0;0;34.9063;26.1797;26.1797;26.1797;0.0000;29.9954;29.9954;29.9954;29.9954;0.0000;0.0000;0.0000;0.0000;0.0000;1;1;1;1;53.56;
1;0;0;0;0;0;0;1;0;0;0;0;34.9063;26.1797;34.9063;26.1797;0.0000;29.9954;29.9954;29.9954;29.9954;0.0000;0.0000;0.0000;0.0000;0.0000;1;1;1;1;53.58;
1;0;0;0;0;0;0;1;0;0;0;0;34.9063;26.1797;26.1797;26.1797;0.0000;29.9954;29.9954;29.9954;29.9954;0.0000;0.0000;0.0000;0.0000;0.0000;1;1;1;1;53.6;
1;0;0;0;0;0;0;1;0;0;0;0;26.1797;34.9063;26.1797;34.9063;0.0000;29.9954;29.9954;29.9954;29.9954;0.0000;0.0000;0.0000;0.0000;0.0000;1;1;1;1;53.64;
1;0;0;0;0;0;0;1;0;0;0;0;26.1797;34.9063;26.1797;34.9063;0.0000;29.9954;29.9954;29.9954;29.9954;0.0000;0.0000;0.0000;0.0000;0.0000;1;1;1;1;53.66;
1;0;0;0;0;0;0;1;0;0;0;0;26.1797;26.1797;34.9063;26.1797;0.0000;29.9954;29.9954;29.9954;29.9954;0.0000;0.0000;0.0000;0.0000;0.0000;1;1;1;1;53.7;
1;0;0;0;0;0;0;1;0;0;0;0;26.1797;26.1797;26.1797;26.1797;0.0000;29.9954;29.9954;29.9954;29.9954;0.0000;0.0000;0.0000;0.0000;0.0000;1;1;1;1;53.74;
1;0;0;0;0;0;0;1;0;0;0;0;26.1797;26.1797;26.1797;26.1797;0.0000;29.9954;29.9954;29.9954;29.9954;0.0000;0.0000;0.0000;0.0000;0.0000;1;1;1;1;53.76;
1;0;0;0;0;0;0;1;0;0;0;0;34.9063;34.9063;26.1797;34.9063;0.0000;29.9954;29.9954;29.9954;29.9954;0.0000;0.0000;0.0000;0.0000;0.0000;1;1;1;1;53.78;
1;0;0;0;0;0;0;1;0;0;0;0;34.9063;26.1797;26.1797;34.9063;0.0000;29.9954;29.9954;29.9954;29.9954;0.0000;0.0000;0.0000;0.0000;0.0000;1;1;1;1;53.82;
1;0;0;0;0;0;0;1;0;0;0;0;34.9063;26.1797;26.1797;26.1797;0.0000;29.9954;29.9954;29.9954;29.9954;0.0000;0.0000;0.0000;0.0000;0.0000;1;1;1;1;53.84;
1;0;0;0;0;0;0;1;0;0;0;0;34.9063;34.9063;26.1797;34.9063;0.0000;29.9954;29.9954;29.9954;29.9954;0.0000;0.0000;0.0000;0.0000;0.0000;1;1;1;1;53.86;
1;0;0;0;0;0;0;1;0;0;0;0;34.9063;26.1797;26.1797;34.9063;0.0000;29.9954;29.9954;29.9954;29.9954;0.0000;0.0000;0.0000;0.0000;0.0000;1;1;1;1;53.9;
1;0;0;0;0;0;0;1;0;0;0;0;26.1797;26.1797;26.1797;26.1797;0.0000;29.9954;29.9954;29.9954;29.9954;0.0000;0.0000;0.0000;0.0000;0.0000;1;1;1;1;53.92;
1;0;0;0;0;0;0;1;0;0;0;0;26.1797;26.1797;26.1797;34.9063;0.0000;29.9954;29.9954;29.9954;29.9954;0.0000;0.0000;0.0000;0.0000;0.0000;1;1;1;1;53.98;
1;0;0;0;0;0;0;1;0;0;0;0;34.9063;26.1797;34.9063;26.1797;0.0000;29.9954;29.9954;29.9954;29.9954;0.0000;0.0000;0.0000;0.0000;0.0000;1;1;1;1;54.06;
1;0;0;0;0;0;0;1;0;0;0;0;34.9063;26.1797;34.9063;26.1797;0.0000;29.9954;29.9954;29.9954;29.9954;0.0000;0.0000;0.0000;0.0000;0.0000;1;1;1;1;54.08;
1;0;0;0;0;0;0;1;0;0;0;0;26.1797;34.9063;26.1797;26.1797;0.0000;29.9954;29.9954;29.9954;29.9954;0.0000;0.0000;0.0000;0.0000;0.0000;1;1;1;1;54.1;
1;0;0;0;0;0;0;1;0;0;0;0;34.9063;26.1797;26.1797;34.9063;0.0000;29.9954;29.9954;29.9954;29.9954;0.0000;0.0000;0.0000;0.0000;0.0000;1;1;1;1;54.12;
1;0;0;0;0;0;0;1;0;0;0;0;26.1797;34.9063;26.1797;26.1797;0.0000;29.9954;29.9954;29.9954;29.9954;0.0000;0.0000;0.0000;0.0000;0.0000;1;1;1;1;54.16;
1;0;0;0;0;0;0;1;0;0;0;0;34.9063;34.9063;34.9063;34.9063;0.0000;29.9954;29.9954;29.9954;29.9954;0.0000;0.0000;0.0000;0.0000;0.0000;1;1;1;1;54.2;
1;0;0;0;0;0;0;1;0;0;0;0;26.1797;34.9063;26.1797;26.1797;0.0000;29.9954;29.9954;29.9954;29.9954;0.0000;0.0000;0.0000;0.0000;0.0000;1;1;1;1;54.24;
1;0;0;0;0;0;0;1;0;0;0;0;34.9063;26.1797;34.9063;26.1797;0.0000;29.9954;29.9954;29.9954;29.9954;0.0000;0.0000;0.0000;0.0000;0.0000;1;1;1;1;54.28;
1;0;0;0;0;0;0;1;0;0;0;0;34.9063;26.1797;26.1797;26.1797;0.0000;29.9954;29.9954;29.9954;29.9954;0.0000;0.0000;0.0000;0.0000;0.0000;1;1;1;1;54.3;
1;0;0;0;0;0;0;1;0;0;0;0;26.1797;26.1797;34.9063;26.1797;0.0000;29.9954;29.9954;29.9954;29.9954;0.0000;0.0000;0.0000;0.0000;0.0000;1;1;1;1;54.4;
1;0;0;0;0;0;0;1;0;0;0;0;26.1797;26.1797;34.9063;26.1797;0.0000;29.9954;29.9954;29.9954;29.9954;0.0000;0.0000;0.0000;0.0000;0.0000;1;1;1;1;54.54;
1;0;0;0;0;0;0;1;0;0;0;0;26.1797;34.9063;26.1797;26.1797;0.0000;29.9954;29.9954;29.9954;29.9954;0.0000;0.0000;0.0000;0.0000;0.0000;1;1;1;1;54.58;
1;0;0;0;0;0;0;1;0;0;0;0;34.9063;26.1797;26.1797;26.1797;0.0000;28.9931;28.9931;28.9931;28.9931;0.0000;0.0000;0.0000;0.0000;0.0000;1;1;1;1;54.64;
1;0;0;0;0;0;0;1;0;0;0;0;26.1797;26.1797;26.1797;34.9063;0.0000;27.9981;27.9981;27.9981;27.9981;0.0000;0.0000;0.0000;0.0000;0.0000;1;1;1;1;54.66;
1;0;0;0;0;0;0;1;0;0;0;0;26.1797;26.1797;26.1797;26.1797;0.0000;27.9981;27.9981;27.9981;27.9981;0.0000;0.0000;0.0000;0.0000;0.0000;1;1;1;1;54.68;
1;0;0;0;0;0;0;1;0;0;0;0;34.9063;34.9063;34.9063;34.9063;0.0000;26.9958;26.9958;26.9958;26.9958;0.0000;0.0000;0.0000;0.0000;0.0000;1;1;1;1;54.72;
1;0;0;0;0;0;0;1;0;0;0;0;34.9063;26.1797;26.1797;34.9063;0.0000;26.9958;26.9958;26.9958;26.9958;0.0000;0.0000;0.0000;0.0000;0.0000;1;1;1;1;54.74;
1;0;0;0;0;0;0;1;0;0;0;0;26.1797;26.1797;26.1797;26.1797;0.0000;25.9936;25.9936;25.9936;25.9936;0.0000;0.0000;0.0000;0.0000;0.0000;1;1;1;1;54.78;
1;0;0;0;0;0;0;1;0;0;0;0;26.1797;26.1797;26.1797;17.4531;0.0000;25.9936;25.9936;25.9936;25.9936;0.0000;0.0000;0.0000;0.0000;0.0000;1;1;1;1;54.82;
1;0;0;0;0;0;0;1;0;0;0;0;26.1797;17.4531;26.1797;26.1797;0.0000;24.9985;24.9985;24.9985;24.9985;0.0000;0.0000;0.0000;0.0000;0.0000;1;1;1;1;54.86;
1;0;0;0;0;0;0;1;0;0;0;0;26.1797;34.9063;34.9063;26.1797;0.0000;24.9985;24.9985;24.9985;24.9985;0.0000;0.0000;0.0000;0.0000;0.0000;1;1;1;1;54.9;
1;0;0;0;0;0;0;1;0;0;0;0;26.1797;26.1797;26.1797;26.1797;0.0000;23.9963;23.9963;23.9963;23.9963;0.0000;0.0000;0.0000;0.0000;0.0000;1;1;1;1;54.92;
1;0;0;0;0;0;0;1;0;0;0;0;26.1797;26.1797;17.4531;26.1797;0.0000;23.9963;23.9963;23.9963;23.9963;0.0000;0.0000;0.0000;0.0000;0.0000;1;1;1;1;54.96;
1;0;0;0;0;0;0;1;0;0;0;0;26.1797;26.1797;26.1797;26.1797;0.0000;22.9941;22.9941;22.9941;22.9941;0.0000;0.0000;0.0000;0.0000;0.0000;1;1;1;1;55.0;
1;0;0;0;0;0;0;1;0;0;0;0;26.1797;26.1797;26.1797;17.4531;0.0000;22.9941;22.9941;22.9941;22.9941;0.0000;0.0000;0.0000;0.0000;0.0000;1;1;1;1;55.04;
1;0;0;0;0;0;0;1;0;0;0;0;26.1797;26.1797;26.1797;17.4531;0.0000;21.9990;21.9990;21.9990;21.9990;0.0000;0.0000;0.0000;0.0000;0.0000;1;1;1;1;55.08;
1;0;0;0;0;0;0;1;0;0;0;0;17.4531;17.4531;17.4531;17.4531;0.0000;20.9968;20.9968;20.9968;20.9968;0.0000;0.0000;0.0000;0.0000;0.0000;1;1;1;1;55.16;
1;0;0;0;0;0;0;1;0;0;0;0;26.1797;26.1797;26.1797;17.4531;0.0000;19.9945;19.9945;19.9945;19.9945;0.0000;0.0000;0.0000;0.0000;0.0000;1;1;1;1;55.24;
1;0;0;0;0;0;0;1;0;0;0;0;17.4531;17.4531;17.4531;17.4531;0.0000;18.9994;18.9994;18.9994;18.9994;0.0000;0.0000;0.0000;0.0000;0.0000;1;1;1;1;55.26;
1;0;0;0;0;0;0;1;0;0;0;0;17.4531;17.4531;26.1797;26.1797;0.0000;18.9994;18.9994;18.9994;18.9994;0.0000;0.0000;0.0000;0.0000;0.0000;1;1;1;1;55.28;
1;0;0;0;0;0;0;1;0;0;0;0;17.4531;17.4531;17.4531;26.1797;0.0000;18.9994;18.9994;18.9994;18.9994;0.0000;0.0000;0.0000;0.0000;0.0000;1;1;1;1;55.3;
1;0;0;0;0;0;0;1;0;0;0;0;8.7266;17.4531;17.4531;17.4531;0.0000;17.9972;17.9972;17.9972;17.9972;0.0000;0.0000;0.0000;0.0000;0.0000;1;1;1;1;55.32;
1;0;0;0;0;0;0;1;0;0;0;0;17.4531;17.4531;17.4531;26.1797;0.0000;17.9972;17.9972;17.9972;17.9972;0.0000;0.0000;0.0000;0.0000;0.0000;1;1;1;1;55.34;
1;0;0;0;0;0;0;1;0;0;0;0;17.4531;17.4531;17.4531;26.1797;0.0000;17.9972;17.9972;17.9972;17.9972;0.0000;0.0000;0.0000;0.0000;0.0000;1;1;1;1;55.36;
1;0;0;0;0;0;0;1;0;0;0;0;17.4531;26.1797;17.4531;26.1797;0.0000;16.9950;16.9950;16.9950;16.9950;0.0000;0.0000;0.0000;0.0000;0.0000;1;1;1;1;55.38;
1;0;0;0;0;0;0;1;0;0;0;0;26.1797;17.4531;17.4531;26.1797;0.0000;16.9950;16.9950;16.9950;16.9950;0.0000;0.0000;0.0000;0.0000;0.0000;1;1;1;1;55.4;
1;0;0;0;0;0;0;1;0;0;0;0;17.4531;8.7266;17.4531;8.7266;0.0000;15.9999;15.9999;15.9999;15.9999;0.0000;0.0000;0.0000;0.0000;0.0000;1;1;1;1;55.5;
1;0;0;0;0;0;0;1;0;0;0;0;17.4531;17.4531;17.4531;17.4531;0.0000;14.9977;14.9977;14.9977;14.9977;0.0000;0.0000;0.0000;0.0000;0.0000;1;1;1;1;55.56;
1;0;0;0;0;0;0;1;0;0;0;0;8.7266;8.7266;8.7266;17.4531;0.0000;13.9954;13.9954;13.9954;13.9954;0.0000;0.0000;0.0000;0.0000;0.0000;1;1;1;1;55.6;
1;0;0;0;0;0;0;1;0;0;0;0;8.7266;17.4531;17.4531;17.4531;0.0000;13.9954;13.9954;13.9954;13.9954;0.0000;0.0000;0.0000;0.0000;0.0000;1;1;1;1;55.62;
1;0;0;0;0;0;0;1;0;0;0;0;17.4531;17.4531;17.4531;17.4531;0.0000;13.9954;13.9954;13.9954;13.9954;0.0000;0.0000;0.0000;0.0000;0.0000;1;1;1;1;55.64;
1;0;0;0;0;0;0;1;0;0;0;0;17.4531;8.7266;8.7266;17.4531;0.0000;12.9932;12.9932;12.9932;12.9932;0.0000;0.0000;0.0000;0.0000;0.0000;1;1;1;1;55.7;
1;0;0;0;0;0;0;1;0;0;0;0;8.7266;17.4531;17.4531;8.7266;0.0000;11.9981;11.9981;11.9981;11.9981;0.0000;0.0000;0.0000;0.0000;0.0000;1;1;1;1;55.76;
1;0;0;0;0;0;0;1;0;0;0;0;8.7266;8.7266;8.7266;17.4531;0.0000;10.9959;10.9959;10.9959;10.9959;0.0000;0.0000;0.0000;0.0000;0.0000;1;1;1;1;55.8;
1;0;0;0;0;0;0;1;0;0;0;0;8.7266;8.7266;17.4531;8.7266;0.0000;10.9959;10.9959;10.9959;10.9959;0.0000;0.0000;0.0000;0.0000;0.0000;1;1;1;1;55.82;
1;0;0;0;0;0;0;1;0;0;0;0;8.7266;17.4531;8.7266;8.7266;0.0000;10.9959;10.9959;10.9959;10.9959;0.0000;0.0000;0.0000;0.0000;0.0000;1;1;1;1;55.84;
1;0;0;0;0;0;0;1;0;0;0;0;8.7266;8.7266;8.7266;8.7266;0.0000;9.9937;9.9937;9.9937;9.9937;0.0000;0.0000;0.0000;0.0000;0.0000;1;1;1;1;55.86;
1;0;0;0;0;0;0;1;0;0;0;0;8.7266;8.7266;17.4531;8.7266;0.0000;8.9986;8.9986;8.9986;8.9986;0.0000;0.0000;0.0000;0.0000;0.0000;1;1;1;1;55.92;
1;0;0;0;0;0;0;1;0;0;0;0;8.7266;17.4531;0.0000;17.4531;0.0000;7.9964;7.9964;7.9964;7.9964;0.0000;0.0000;0.0000;0.0000;0.0000;1;1;1;1;56.0;
1;0;0;0;0;0;0;1;0;0;0;0;8.7266;8.7266;0.0000;8.7266;0.0000;7.9964;7.9964;7.9964;7.9964;0.0000;0.0000;0.0000;0.0000;0.0000;1;1;1;1;56.02;
1;0;0;0;0;0;0;1;0;0;0;0;17.4531;8.7266;8.7266;8.7266;0.0000;6.9941;6.9941;6.9941;6.9941;0.0000;0.0000;0.0000;0.0000;0.0000;1;1;1;1;56.04;
1;0;0;0;0;0;0;1;0;0;0;0;8.7266;8.7266;8.7266;0.0000;0.0000;6.9941;6.9941;6.9941;6.9941;0.0000;0.0000;0.0000;0.0000;0.0000;1;1;1;1;56.06;
1;0;0;0;0;0;0;1;0;0;0;0;8.7266;0.0000;8.7266;8.7266;0.0000;6.9941;6.9941;6.9941;6.9941;0.0000;0.0000;0.0000;0.0000;0.0000;1;1;1;1;56.1;
1;0;0;0;0;0;0;1;0;0;0;0;8.7266;8.7266;0.0000;8.7266;0.0000;5.9991;5.9991;5.9991;5.9991;0.0000;0.0000;0.0000;0.0000;0.0000;1;1;1;1;56.14;
1;0;0;0;0;0;0;1;0;0;0;0;8.7266;8.7266;8.7266;8.7266;0.0000;5.9991;5.9991;5.9991;5.9991;0.0000;0.0000;0.0000;0.0000;0.0000;1;1;1;1;56.16;
1;0;0;0;0;0;0;1;0;0;0;0;8.7266;8.7266;8.7266;8.7266;0.0000;3.9946;3.9946;3.9946;3.9946;0.0000;0.0000;0.0000;0.0000;0.0000;1;1;1;1;56.26;
1;0;0;0;0;0;0;1;0;0;0;0;8.7266;8.7266;8.7266;8.7266;0.0000;3.9946;3.9946;3.9946;3.9946;0.0000;0.0000;0.0000;0.0000;0.0000;1;1;1;1;56.28;
1;0;0;0;0;0;0;1;0;0;0;0;8.7266;0.0000;8.7266;8.7266;0.0000;3.9946;3.9946;3.9946;3.9946;0.0000;0.0000;0.0000;0.0000;0.0000;1;1;1;1;56.3;
1;0;0;0;0;0;0;1;0;0;0;0;8.7266;0.0000;8.7266;8.7266;0.0000;1.9973;1.9973;1.9973;1.9973;0.0000;0.0000;0.0000;0.0000;0.0000;1;1;1;1;56.38;
1;0;0;0;0;0;0;1;0;0;0;0;0.0000;0.0000;0.0000;0.0000;0.0000;1.9973;1.9973;1.9973;1.9973;0.0000;0.0000;0.0000;0.0000;0.0000;1;1;1;1;56.44;
1;0;0;0;0;0;0;1;0;0;0;0;0.0000;0.0000;0.0000;0.0000;0.0000;0.9951;0.9951;0.9951;0.9951;0.0000;0.0000;0.0000;0.0000;0.0000;1;1;1;1;56.46;
1;0;0;0;0;0;0;1;0;0;0;0;0.0000;0.0000;0.0000;0.0000;0.0000;0.9951;0.9951;0.9951;0.9951;0.0000;0.0000;0.0000;0.0000;0.0000;1;1;1;1;56.48;
1;0;0;0;0;0;0;1;0;0;0;0;0.0000;0.0000;0.0000;0.0000;0.0000;0.9951;0.9951;0.9951;0.9951;0.0000;0.0000;0.0000;0.0000;0.0000;1;1;1;1;56.5;
1;0;0;0;0;0;0;1;0;0;0;0;0.0000;0.0000;0.0000;0.0000;0.0000;0.0000;0.0000;0.0000;0.0000;0.0000;0.0000;0.0000;0.0000;0.0000;1;1;1;1;56.52;
1;0;0;0;0;0;0;1;0;0;0;0;0.0000;0.0000;0.0000;0.0000;0.0000;0.0000;0.0000;0.0000;0.0000;0.0000;0.0000;0.0000;0.0000;0.0000;1;1;1;1;56.56;
1;0;0;0;0;0;0;1;0;0;0;0;0.0000;0.0000;0.0000;0.0000;0.0000;0.0000;0.0000;0.0000;0.0000;0.0000;0.0000;0.0000;0.0000;0.0000;1;1;1;1;56.58;
1;0;0;0;0;0;0;1;0;0;0;0;0.0000;0.0000;0.0000;0.0000;0.0000;0.0000;0.0000;0.0000;0.0000;0.0000;0.0000;0.0000;0.0000;0.0000;1;1;1;1;56.62;
1;0;0;0;0;0;0;1;0;0;0;0;0.0000;0.0000;0.0000;0.0000;0.0000;0.0000;0.0000;0.0000;0.0000;0.0000;0.0000;0.0000;0.0000;0.0000;1;1;1;1;56.66;
1;0;0;0;0;0;0;1;0;0;0;0;0.0000;0.0000;0.0000;0.0000;0.0000;0.0000;0.0000;0.0000;0.0000;0.0000;0.0000;0.0000;0.0000;0.0000;1;1;1;1;56.68;
1;0;0;0;0;0;0;1;0;0;0;0;0.0000;0.0000;0.0000;0.0000;0.0000;0.0000;0.0000;0.0000;0.0000;0.0000;0.0000;0.0000;0.0000;0.0000;1;1;1;1;56.7;
1;0;0;0;0;0;0;1;0;0;0;0;0.0000;0.0000;0.0000;0.0000;0.0000;0.0000;0.0000;0.0000;0.0000;0.0000;0.0000;0.0000;0.0000;0.0000;1;1;1;1;56.74;
1;0;0;0;0;0;0;1;0;0;0;0;0.0000;0.0000;0.0000;0.0000;0.0000;0.0000;0.0000;0.0000;0.0000;0.0000;0.0000;0.0000;0.0000;0.0000;1;1;1;1;56.78;
1;0;0;0;0;0;0;1;0;0;0;0;0.0000;0.0000;0.0000;0.0000;0.0000;0.0000;0.0000;0.0000;0.0000;0.0000;0.0000;0.0000;0.0000;0.0000;1;1;1;1;56.82;
1;0;0;0;0;0;0;1;0;0;0;0;0.0000;0.0000;0.0000;0.0000;0.0000;0.0000;0.0000;0.0000;0.0000;0.0000;0.0000;0.0000;0.0000;0.0000;1;1;1;1;56.86;
1;0;0;0;0;0;0;1;0;0;0;0;0.0000;0.0000;0.0000;0.0000;0.0000;0.0000;0.0000;0.0000;0.0000;0.0000;0.0000;0.0000;0.0000;0.0000;1;1;1;1;56.9;
1;0;0;0;0;0;0;1;0;0;0;0;0.0000;0.0000;0.0000;0.0000;0.0000;0.0000;0.0000;0.0000;0.0000;0.0000;0.0000;0.0000;0.0000;0.0000;1;1;1;1;56.94;
1;0;0;0;0;0;0;1;0;0;0;0;0.0000;0.0000;0.0000;0.0000;0.0000;0.0000;0.0000;0.0000;0.0000;0.0000;0.0000;0.0000;0.0000;0.0000;1;1;1;1;56.98;
1;0;0;0;0;0;0;1;0;0;0;0;0.0000;0.0000;0.0000;0.0000;0.0000;0.0000;0.0000;0.0000;0.0000;0.0000;0.0000;0.0000;0.0000;0.0000;1;1;1;1;57.0;
1;0;0;0;0;0;0;1;0;0;0;0;0.0000;0.0000;0.0000;0.0000;0.0000;0.0000;0.0000;0.0000;0.0000;0.0000;0.0000;0.0000;0.0000;0.0000;1;1;1;1;57.06;
1;0;0;0;0;0;0;1;0;0;0;0;0.0000;0.0000;0.0000;0.0000;0.0000;0.0000;0.0000;0.0000;0.0000;0.0000;0.0000;0.0000;0.0000;0.0000;1;1;1;1;57.1;
1;0;0;0;0;0;0;1;0;0;0;0;0.0000;0.0000;0.0000;0.0000;0.0000;0.0000;0.0000;0.0000;0.0000;0.0000;0.0000;0.0000;0.0000;0.0000;1;1;1;1;57.14;
1;0;0;0;0;0;0;1;0;0;0;0;0.0000;0.0000;0.0000;0.0000;0.0000;0.0000;0.0000;0.0000;0.0000;0.0000;0.0000;0.0000;0.0000;0.0000;1;1;1;1;57.16;
1;0;0;0;0;0;0;1;0;0;0;0;0.0000;0.0000;0.0000;0.0000;0.0000;0.0000;0.0000;0.0000;0.0000;0.0000;0.0000;0.0000;0.0000;0.0000;1;1;1;1;57.18;
1;0;0;0;0;0;0;1;0;0;0;0;0.0000;0.0000;0.0000;0.0000;0.0000;0.0000;0.0000;0.0000;0.0000;0.0000;0.0000;0.0000;0.0000;0.0000;1;1;1;1;57.22;
1;0;0;0;0;0;0;1;0;0;0;0;0.0000;0.0000;0.0000;0.0000;0.0000;0.0000;0.0000;0.0000;0.0000;0.0000;0.0000;0.0000;0.0000;0.0000;1;1;1;1;57.26;
1;0;0;0;0;0;0;1;0;0;0;0;0.0000;0.0000;0.0000;0.0000;0.0000;0.0000;0.0000;0.0000;0.0000;0.0000;0.0000;0.0000;0.0000;0.0000;1;1;1;1;57.28;
1;0;0;0;0;0;0;1;0;0;0;0;0.0000;0.0000;0.0000;0.0000;0.0000;0.0000;0.0000;0.0000;0.0000;0.0000;0.0000;0.0000;0.0000;0.0000;1;1;1;1;57.3;
